species;longitude;latitude
Plagioscion_squamosissimus;-37.9;-5.8333
Plagioscion_squamosissimus;-53.9833;-24.0333
Plagioscion_squamosissimus;-48.54;-22.52
Plagioscion_squamosissimus;-48.7536;-22.1539
Plagioscion_squamosissimus;-49.7836;-21.2978
Plagioscion_squamosissimus;-37.8;-5.75
Plagioscion_squamosissimus;-54;-23.8667
Plagioscion_squamosissimus;-49.2127;-21.6765
Plagioscion_squamosissimus;-52.7786;-22.6597
Plagioscion_squamosissimus;-53.5333;-22.7833
Plagioscion_squamosissimus;-52.1614;-22.6346
Plagioscion_squamosissimus;-52.1588;-22.6117
Plagioscion_squamosissimus;-52.0275;-22.5354
Plagioscion_squamosissimus;-51.4454;-22.6465
Plagioscion_squamosissimus;-54.0033;-23.8689
Plagioscion_squamosissimus;-45.084;-3.2416
Plagioscion_squamosissimus;-37.9;-5.8333
Plagioscion_squamosissimus;-42.65;-7
Plagioscion_squamosissimus;-42.8167;-4.0333
Plagioscion_squamosissimus;-41.9667;-6.1667
Plagioscion_squamosissimus;-53.3167;-22.7833
Plagioscion_squamosissimus;-40.5833;-9.45
Plagioscion_squamosissimus;-49.1333;-21.65
Plagioscion_squamosissimus;-45.0858;-3.2356
Plagioscion_squamosissimus;-44.2367;-2.9528
Plagioscion_squamosissimus;-44.2564;-3.0022
Plagioscion_squamosissimus;-44.2464;-3.0497
Plagioscion_squamosissimus;-42.8167;-4.0333
Plagioscion_squamosissimus;-41.9667;-6.1667
Plagioscion_squamosissimus;-42.65;-7
Plagioscion_squamosissimus;-53.3167;-22.7833
Plagioscion_squamosissimus;-54.3;-24.7
Plagioscion_squamosissimus;-41.6083;-9.7333
Plagioscion_squamosissimus;-38.2081;-9.3581
Plagioscion_squamosissimus;-38.2019;-9.3981
Plagioscion_squamosissimus;-38.2667;-9.3667
Plagioscion_squamosissimus;-37.7911;-9.6209
Plagioscion_squamosissimus;-40.441;-4.2445
Plagioscion_squamosissimus;-38.6312;-4.0113
Plagioscion_squamosissimus;-38.6543;-4.0368
Plagioscion_squamosissimus;-49.7001;-23.1296
Plagioscion_squamosissimus;-49.0748;-23.3796
Plagioscion_squamosissimus;-49.9899;-23.1167
Plagioscion_squamosissimus;-53.2028;-22.6624
Plagioscion_squamosissimus;-53.2062;-22.6686
Plagioscion_squamosissimus;-53.2133;-22.6788
Plagioscion_squamosissimus;-53.2221;-22.6867
Plagioscion_squamosissimus;-53.2347;-22.6933
Plagioscion_squamosissimus;-53.2482;-22.6994
Plagioscion_squamosissimus;-53.2605;-22.7026
Plagioscion_squamosissimus;-53.2795;-22.7147
Plagioscion_squamosissimus;-53.2978;-22.7288
Plagioscion_squamosissimus;-53.2144;-22.7288
Plagioscion_squamosissimus;-53.251;-22.7499
Plagioscion_squamosissimus;-53.232;-22.7525
Plagioscion_squamosissimus;-53.2795;-22.7147
Plagioscion_squamosissimus;-53.2978;-22.7288
Plagioscion_squamosissimus;-53.3096;-22.7262
Plagioscion_squamosissimus;-53.3423;-22.7802
Plagioscion_squamosissimus;-53.56;-22.8093
Plagioscion_squamosissimus;-53.5579;-22.8247
Plagioscion_squamosissimus;-53.5814;-22.8404
Plagioscion_squamosissimus;-53.5337;-22.7901
Plagioscion_squamosissimus;-53.5392;-22.7997
Plagioscion_squamosissimus;-53.5392;-22.7833
Plagioscion_squamosissimus;-53.5392;-22.7833
Plagioscion_squamosissimus;-51.3319;-22.6667
Plagioscion_squamosissimus;-50.8428;-22.7667
Plagioscion_squamosissimus;-50.9536;-23.0167
Plagioscion_squamosissimus;-50.5269;-22.9333
Plagioscion_squamosissimus;-52.1297;-22.5227
Plagioscion_squamosissimus;-52.2734;-22.6208
Plagioscion_squamosissimus;-52.658;-22.6087
Plagioscion_squamosissimus;-50.1167;-21.1167
Plagioscion_squamosissimus;-53.9986;-23.8562
Plagioscion_squamosissimus;-54.0089;-23.8831
Plagioscion_squamosissimus;-54.1201;-24.0091
Plagioscion_squamosissimus;-54.1625;-24.0158
Plagioscion_squamosissimus;-52.1156;-21.76
Plagioscion_squamosissimus;-36.6047;-6.4364
Plagioscion_squamosissimus;-53.285;-22.7697
Plagioscion_squamosissimus;-54.59;-25.4078
Plagioscion_squamosissimus;-48.4167;-19.95
Plagioscion_squamosissimus;-53.0208;-22.4211
Plagioscion_squamosissimus;-53.075;-22.5417
Plagioscion_squamosissimus;-48.1509;-22.6651
Plagioscion_squamosissimus;-48.3714;-22.7113
Plagioscion_squamosissimus;-48.1642;-22.6409
Plagioscion_squamosissimus;-48.1509;-22.6651
Plagioscion_squamosissimus;-48.3714;-22.7113
Plagioscion_squamosissimus;-48.1642;-22.6409
Plagioscion_squamosissimus;-48.5181;-22.5323
Plagioscion_squamosissimus;-48.76;-22.1643
Plagioscion_squamosissimus;-48.6735;-22.196
Plagioscion_squamosissimus;-48.985;-21.8702
Plagioscion_squamosissimus;-48.9016;-21.8328
Plagioscion_squamosissimus;-48.985;-21.8702
Plagioscion_squamosissimus;-49.7054;-21.4035
Plagioscion_squamosissimus;-54.2687;-24.0935
Plagioscion_squamosissimus;-54.3548;-24.86
Plagioscion_squamosissimus;-54.5456;-25.4057
Plagioscion_squamosissimus;-54.059;-24.9129
Plagioscion_squamosissimus;-55.5423;-24.6485
Plagioscion_squamosissimus;-54.0704;-24.0275
Plagioscion_squamosissimus;-51.3578;-22.66
Plagioscion_squamosissimus;-36.6019;-6.4253
Plagioscion_squamosissimus;-37.0667;-6.4925
Plagioscion_squamosissimus;-51.3578;-22.66
Plagioscion_squamosissimus;-53.2669;-22.7719
Plagioscion_squamosissimus;-53.3096;-22.7262
Plagioscion_squamosissimus;-53.2144;-22.7288
Plagioscion_squamosissimus;-53.2269;-22.7411
Plagioscion_squamosissimus;-53.232;-22.7525
Plagioscion_squamosissimus;-53.251;-22.7499
Plagioscion_squamosissimus;-53.2588;-22.7569
Plagioscion_squamosissimus;-53.2692;-22.7539
Plagioscion_squamosissimus;-53.2686;-22.7608
Plagioscion_squamosissimus;-53.2863;-22.7516
Plagioscion_squamosissimus;-53.3431;-22.7441
Plagioscion_squamosissimus;-53.3659;-22.758
Plagioscion_squamosissimus;-53.3499;-22.7767
Plagioscion_squamosissimus;-53.3423;-22.7802
Plagioscion_squamosissimus;-53.3666;-22.7983
Plagioscion_squamosissimus;-48.2194;-20.0317
Plagioscion_squamosissimus;-53.0208;-22.4211
Plagioscion_squamosissimus;-53.3319;-22.7556
Plagioscion_squamosissimus;-54.59;-25.4078
Plagioscion_squamosissimus;-53.3805;-22.8164
Plagioscion_squamosissimus;-53.4931;-22.7751
Plagioscion_squamosissimus;-53.493;-22.7836
Plagioscion_squamosissimus;-53.5095;-22.7874
Plagioscion_squamosissimus;-53.5439;-22.8024
Plagioscion_squamosissimus;-53.5635;-22.8366
Plagioscion_squamosissimus;-53.5814;-22.8404
Plagioscion_squamosissimus;-53.5985;-22.8569
Plagioscion_squamosissimus;-53.6222;-22.8754
Plagioscion_squamosissimus;-59.3861;-23.1267
Plagioscion_squamosissimus;-42.4246;-19.493
Plagioscion_squamosissimus;-42.8954;-20.2459
Plagioscion_squamosissimus;-42.65;-7
Plagioscion_squamosissimus;-42.8167;-4.0333
Plagioscion_squamosissimus;-41.9667;-6.1667
Plagioscion_squamosissimus;-54.3;-24.7
Plagioscion_squamosissimus;-53.3167;-22.7833
Plagioscion_squamosissimus;-48.5333;-20.5167
Plagioscion_squamosissimus;-54.5833;-25.4167
Plagioscion_squamosissimus;-49.3697;-28.6775
Plagioscion_squamosissimus;-35.75;-8.0333
Plagioscion_squamosissimus;-53.2934;-22.7277
Plagioscion_squamosissimus;-53.3042;-22.7223
Plagioscion_squamosissimus;-53.6085;-22.8563
Plagioscion_squamosissimus;-53.5564;-22.8272
Plagioscion_squamosissimus;-53.2599;-22.7494
Plagioscion_squamosissimus;-37.8;-5.7625
Plagioscion_squamosissimus;-41.8197;-9.8333
Plagioscion_squamosissimus;-43.5683;-22.5288
Plagioscion_squamosissimus;-54.5951;-25.4033
Plagioscion_squamosissimus;-41.8188;-13.5615
Plagioscion_squamosissimus;-53.3204;-22.7622
Plagioscion_squamosissimus;-49.99;-22.92
Plagioscion_squamosissimus;-49.99;-22.92
Plagioscion_squamosissimus;-49.99;-22.92
Plagioscion_squamosissimus;-55.8;-27.45
Plagioscion_squamosissimus;-49.99;-22.92
Plagioscion_squamosissimus;-50.26;-22.93
Plagioscion_squamosissimus;-49.99;-22.92
Plagioscion_squamosissimus;-49.99;-22.92
Plagioscion_squamosissimus;-50.26;-22.93
Plagioscion_squamosissimus;-49.99;-22.92
Plagioscion_squamosissimus;-49.99;-22.92
Plagioscion_squamosissimus;-50.26;-21.11
Plagioscion_squamosissimus;-49.99;-22.92
Plagioscion_squamosissimus;-50.26;-22.93
Plagioscion_squamosissimus;-49.99;-22.92
Plagioscion_squamosissimus;-50.26;-22.93
Plagioscion_squamosissimus;-49.99;-22.92
Plagioscion_squamosissimus;-53.35;-22.79
Plagioscion_squamosissimus;-49.99;-22.92
Plagioscion_squamosissimus;-49.99;-22.92
Plagioscion_squamosissimus;-50.26;-22.93
Plagioscion_squamosissimus;-48.6844;-22.1906
Plagioscion_squamosissimus;-57.1667;-21.1167
Plagioscion_squamosissimus;-55.8154;-27.4618
Plagioscion_squamosissimus;-49.996;-22.909
Plagioscion_squamosissimus;-51.381;-22.661
Plagioscion_squamosissimus;-49.996;-22.909
Plagioscion_squamosissimus;-52.027;-22.531
Plagioscion_squamosissimus;-50.262;-22.936
Plagioscion_squamosissimus;-49.996;-22.909
Plagioscion_squamosissimus;-49.996;-22.909
Plagioscion_squamosissimus;-51.381;-22.661
Plagioscion_squamosissimus;-49.996;-22.909
Plagioscion_squamosissimus;-49.996;-22.909
Plagioscion_squamosissimus;-50.262;-22.936
Plagioscion_squamosissimus;-50.262;-22.936
Plagioscion_squamosissimus;-49.996;-22.909
Plagioscion_squamosissimus;-49.996;-22.909
Plagioscion_squamosissimus;-49.996;-22.909
Plagioscion_squamosissimus;-49.996;-22.909
Plagioscion_squamosissimus;-49.996;-22.909
Plagioscion_squamosissimus;-49.996;-22.909
Plagioscion_squamosissimus;-51.381;-22.661
Plagioscion_squamosissimus;-49.996;-22.909
Plagioscion_squamosissimus;-49.996;-22.909
Plagioscion_squamosissimus;-49.996;-22.909
Plagioscion_squamosissimus;-49.996;-22.909
Plagioscion_squamosissimus;-49.996;-22.909
Plagioscion_squamosissimus;-49.996;-22.909
Plagioscion_squamosissimus;-49.996;-22.909
Plagioscion_squamosissimus;-49.996;-22.909
Plagioscion_squamosissimus;-49.996;-22.909
Plagioscion_squamosissimus;-49.996;-22.909
Plagioscion_squamosissimus;-50.262;-22.936
Plagioscion_squamosissimus;-51.381;-22.661
Plagioscion_squamosissimus;-52.027;-22.531
Plagioscion_squamosissimus;-52.027;-22.531
Plagioscion_squamosissimus;-50.262;-22.936
Plagioscion_squamosissimus;-51.381;-22.661
Plagioscion_squamosissimus;-49.996;-22.909
Plagioscion_squamosissimus;-51.381;-22.661
Plagioscion_squamosissimus;-50.262;-22.936
Plagioscion_squamosissimus;-52.027;-22.531
Plagioscion_squamosissimus;-52.027;-22.531
Plagioscion_squamosissimus;-52.027;-22.531
Plagioscion_squamosissimus;-52.16;-22.639
Plagioscion_squamosissimus;-52.16;-22.639
Plagioscion_squamosissimus;-52.027;-22.531
Plagioscion_squamosissimus;-52.028;-22.546
Plagioscion_squamosissimus;-52.027;-22.531
Plagioscion_squamosissimus;-52.16;-22.603
Plagioscion_squamosissimus;-52.16;-22.603
Plagioscion_squamosissimus;-52.16;-22.639
Plagioscion_squamosissimus;-52.027;-22.531
Plagioscion_squamosissimus;-52.16;-22.603
Plagioscion_squamosissimus;-50.527;-22.944
Plagioscion_squamosissimus;-52.16;-22.603
Plagioscion_squamosissimus;-52.16;-22.603
Plagioscion_squamosissimus;-52.16;-22.639
Plagioscion_squamosissimus;-52.16;-22.639
Plagioscion_squamosissimus;-52.16;-22.639
Plagioscion_squamosissimus;-49.992;-22.916
Plagioscion_squamosissimus;-49.992;-22.916
Plagioscion_squamosissimus;-49.992;-22.916
Plagioscion_squamosissimus;-49.992;-22.916
Plagioscion_squamosissimus;-49.992;-22.916
Plagioscion_squamosissimus;-49.992;-22.916
Plagioscion_squamosissimus;-49.992;-22.916
Plagioscion_squamosissimus;-50.262;-22.935
Plagioscion_squamosissimus;-49.992;-22.916
Plagioscion_squamosissimus;-50.262;-22.935
Plagioscion_squamosissimus;-49.992;-22.916
Plagioscion_squamosissimus;-49.992;-22.916
Plagioscion_squamosissimus;-50.262;-22.935
Plagioscion_squamosissimus;-50.262;-22.935
Plagioscion_squamosissimus;-50.262;-22.935
Plagioscion_squamosissimus;-49.992;-22.916
Plagioscion_squamosissimus;-49.992;-22.916
Plagioscion_squamosissimus;-49.992;-22.916
Plagioscion_squamosissimus;-44.2475;-5.3108
Plagioscion_squamosissimus;-44.2492;-6.0258
Plagioscion_squamosissimus;-44.2492;-6.0258
Plagioscion_squamosissimus;-44.2475;-5.3108
Plagioscion_squamosissimus;-44.2475;-5.3108
Plagioscion_squamosissimus;-44.2408;-2.94
Plagioscion_squamosissimus;-44.2408;-2.94
Plagioscion_squamosissimus;-44.2492;-6.0258
Plagioscion_squamosissimus;-44.2475;-5.3108
Plagioscion_squamosissimus;-53.3494;-22.7914
Plagioscion_squamosissimus;-50.2646;-21.107
Plagioscion_squamosissimus;-57.8539;-21.3381
Plagioscion_squamosissimus;-49.99;-22.92
Plagioscion_squamosissimus;-49.99;-22.92
Plagioscion_squamosissimus;-49.99;-22.92
Plagioscion_squamosissimus;-55.8;-27.45
Plagioscion_squamosissimus;-49.99;-22.92
Plagioscion_squamosissimus;-50.26;-22.93
Plagioscion_squamosissimus;-49.99;-22.92
Plagioscion_squamosissimus;-49.99;-22.92
Plagioscion_squamosissimus;-50.26;-22.93
Plagioscion_squamosissimus;-49.99;-22.92
Plagioscion_squamosissimus;-49.99;-22.92
Plagioscion_squamosissimus;-50.26;-21.11
Plagioscion_squamosissimus;-49.99;-22.92
Plagioscion_squamosissimus;-50.26;-22.93
Plagioscion_squamosissimus;-49.99;-22.92
Plagioscion_squamosissimus;-50.26;-22.93
Plagioscion_squamosissimus;-49.99;-22.92
Plagioscion_squamosissimus;-53.35;-22.79
Plagioscion_squamosissimus;-49.99;-22.92
Plagioscion_squamosissimus;-49.99;-22.92
Plagioscion_squamosissimus;-50.26;-22.93
Plagioscion_squamosissimus;-48.6844;-22.1906
Plagioscion_squamosissimus;-57.1667;-21.1167
Plagioscion_squamosissimus;-55.8154;-27.4618
Plagioscion_squamosissimus;-49.996;-22.909
Plagioscion_squamosissimus;-51.381;-22.661
Plagioscion_squamosissimus;-49.996;-22.909
Plagioscion_squamosissimus;-52.027;-22.531
Plagioscion_squamosissimus;-50.262;-22.936
Plagioscion_squamosissimus;-49.996;-22.909
Plagioscion_squamosissimus;-49.996;-22.909
Plagioscion_squamosissimus;-51.381;-22.661
Plagioscion_squamosissimus;-49.996;-22.909
Plagioscion_squamosissimus;-49.996;-22.909
Plagioscion_squamosissimus;-50.262;-22.936
Plagioscion_squamosissimus;-50.262;-22.936
Plagioscion_squamosissimus;-49.996;-22.909
Plagioscion_squamosissimus;-49.996;-22.909
Plagioscion_squamosissimus;-49.996;-22.909
Plagioscion_squamosissimus;-49.996;-22.909
Plagioscion_squamosissimus;-49.996;-22.909
Plagioscion_squamosissimus;-49.996;-22.909
Plagioscion_squamosissimus;-51.381;-22.661
Plagioscion_squamosissimus;-49.996;-22.909
Plagioscion_squamosissimus;-49.996;-22.909
Plagioscion_squamosissimus;-49.996;-22.909
Plagioscion_squamosissimus;-49.996;-22.909
Plagioscion_squamosissimus;-49.996;-22.909
Plagioscion_squamosissimus;-49.996;-22.909
Plagioscion_squamosissimus;-49.996;-22.909
Plagioscion_squamosissimus;-49.996;-22.909
Plagioscion_squamosissimus;-49.996;-22.909
Plagioscion_squamosissimus;-49.996;-22.909
Plagioscion_squamosissimus;-50.262;-22.936
Plagioscion_squamosissimus;-51.381;-22.661
Plagioscion_squamosissimus;-52.027;-22.531
Plagioscion_squamosissimus;-52.027;-22.531
Plagioscion_squamosissimus;-50.262;-22.936
Plagioscion_squamosissimus;-51.381;-22.661
Plagioscion_squamosissimus;-49.996;-22.909
Plagioscion_squamosissimus;-51.381;-22.661
Plagioscion_squamosissimus;-50.262;-22.936
Plagioscion_squamosissimus;-52.027;-22.531
Plagioscion_squamosissimus;-52.027;-22.531
Plagioscion_squamosissimus;-52.027;-22.531
Plagioscion_squamosissimus;-52.16;-22.639
Plagioscion_squamosissimus;-52.16;-22.639
Plagioscion_squamosissimus;-52.027;-22.531
Plagioscion_squamosissimus;-52.028;-22.546
Plagioscion_squamosissimus;-52.027;-22.531
Plagioscion_squamosissimus;-52.16;-22.603
Plagioscion_squamosissimus;-52.16;-22.603
Plagioscion_squamosissimus;-52.16;-22.639
Plagioscion_squamosissimus;-52.027;-22.531
Plagioscion_squamosissimus;-52.16;-22.603
Plagioscion_squamosissimus;-50.527;-22.944
Plagioscion_squamosissimus;-52.16;-22.603
Plagioscion_squamosissimus;-52.16;-22.603
Plagioscion_squamosissimus;-52.16;-22.639
Plagioscion_squamosissimus;-52.16;-22.639
Plagioscion_squamosissimus;-52.16;-22.639
Plagioscion_squamosissimus;-49.992;-22.916
Plagioscion_squamosissimus;-49.992;-22.916
Plagioscion_squamosissimus;-49.992;-22.916
Plagioscion_squamosissimus;-49.992;-22.916
Plagioscion_squamosissimus;-49.992;-22.916
Plagioscion_squamosissimus;-49.992;-22.916
Plagioscion_squamosissimus;-49.992;-22.916
Plagioscion_squamosissimus;-50.262;-22.935
Plagioscion_squamosissimus;-49.992;-22.916
Plagioscion_squamosissimus;-50.262;-22.935
Plagioscion_squamosissimus;-49.992;-22.916
Plagioscion_squamosissimus;-49.992;-22.916
Plagioscion_squamosissimus;-50.262;-22.935
Plagioscion_squamosissimus;-50.262;-22.935
Plagioscion_squamosissimus;-50.262;-22.935
Plagioscion_squamosissimus;-49.992;-22.916
Plagioscion_squamosissimus;-49.992;-22.916
Plagioscion_squamosissimus;-49.992;-22.916
Plagioscion_squamosissimus;-44.2475;-5.3108
Plagioscion_squamosissimus;-44.2492;-6.0258
Plagioscion_squamosissimus;-44.2492;-6.0258
Plagioscion_squamosissimus;-44.2475;-5.3108
Plagioscion_squamosissimus;-44.2475;-5.3108
Plagioscion_squamosissimus;-44.2408;-2.94
Plagioscion_squamosissimus;-44.2408;-2.94
Plagioscion_squamosissimus;-44.2492;-6.0258
Plagioscion_squamosissimus;-44.2475;-5.3108
Plagioscion_squamosissimus;-53.3494;-22.7914
Plagioscion_squamosissimus;-50.2646;-21.107
Plagioscion_squamosissimus;-57.8539;-21.3381
Plagioscion_squamosissimus;-49.99;-22.92
Plagioscion_squamosissimus;-49.99;-22.92
Plagioscion_squamosissimus;-49.99;-22.92
Plagioscion_squamosissimus;-55.8;-27.45
Plagioscion_squamosissimus;-49.99;-22.92
Plagioscion_squamosissimus;-50.26;-22.93
Plagioscion_squamosissimus;-49.99;-22.92
Plagioscion_squamosissimus;-49.99;-22.92
Plagioscion_squamosissimus;-50.26;-22.93
Plagioscion_squamosissimus;-49.99;-22.92
Plagioscion_squamosissimus;-49.99;-22.92
Plagioscion_squamosissimus;-50.26;-21.11
Plagioscion_squamosissimus;-49.99;-22.92
Plagioscion_squamosissimus;-50.26;-22.93
Plagioscion_squamosissimus;-49.99;-22.92
Plagioscion_squamosissimus;-50.26;-22.93
Plagioscion_squamosissimus;-49.99;-22.92
Plagioscion_squamosissimus;-53.35;-22.79
Plagioscion_squamosissimus;-49.99;-22.92
Plagioscion_squamosissimus;-49.99;-22.92
Plagioscion_squamosissimus;-50.26;-22.93
Plagioscion_squamosissimus;-48.6844;-22.1906
Plagioscion_squamosissimus;-57.1667;-21.1167
Plagioscion_squamosissimus;-55.8154;-27.4618
Plagioscion_squamosissimus;-49.996;-22.909
Plagioscion_squamosissimus;-51.381;-22.661
Plagioscion_squamosissimus;-49.996;-22.909
Plagioscion_squamosissimus;-52.027;-22.531
Plagioscion_squamosissimus;-50.262;-22.936
Plagioscion_squamosissimus;-49.996;-22.909
Plagioscion_squamosissimus;-49.996;-22.909
Plagioscion_squamosissimus;-51.381;-22.661
Plagioscion_squamosissimus;-49.996;-22.909
Plagioscion_squamosissimus;-49.996;-22.909
Plagioscion_squamosissimus;-50.262;-22.936
Plagioscion_squamosissimus;-50.262;-22.936
Plagioscion_squamosissimus;-49.996;-22.909
Plagioscion_squamosissimus;-49.996;-22.909
Plagioscion_squamosissimus;-49.996;-22.909
Plagioscion_squamosissimus;-49.996;-22.909
Plagioscion_squamosissimus;-49.996;-22.909
Plagioscion_squamosissimus;-49.996;-22.909
Plagioscion_squamosissimus;-51.381;-22.661
Plagioscion_squamosissimus;-49.996;-22.909
Plagioscion_squamosissimus;-49.996;-22.909
Plagioscion_squamosissimus;-49.996;-22.909
Plagioscion_squamosissimus;-49.996;-22.909
Plagioscion_squamosissimus;-49.996;-22.909
Plagioscion_squamosissimus;-49.996;-22.909
Plagioscion_squamosissimus;-49.996;-22.909
Plagioscion_squamosissimus;-49.996;-22.909
Plagioscion_squamosissimus;-49.996;-22.909
Plagioscion_squamosissimus;-49.996;-22.909
Plagioscion_squamosissimus;-50.262;-22.936
Plagioscion_squamosissimus;-51.381;-22.661
Plagioscion_squamosissimus;-52.027;-22.531
Plagioscion_squamosissimus;-52.027;-22.531
Plagioscion_squamosissimus;-50.262;-22.936
Plagioscion_squamosissimus;-51.381;-22.661
Plagioscion_squamosissimus;-49.996;-22.909
Plagioscion_squamosissimus;-51.381;-22.661
Plagioscion_squamosissimus;-50.262;-22.936
Plagioscion_squamosissimus;-52.027;-22.531
Plagioscion_squamosissimus;-52.027;-22.531
Plagioscion_squamosissimus;-52.027;-22.531
Plagioscion_squamosissimus;-52.16;-22.639
Plagioscion_squamosissimus;-52.16;-22.639
Plagioscion_squamosissimus;-52.027;-22.531
Plagioscion_squamosissimus;-52.028;-22.546
Plagioscion_squamosissimus;-52.027;-22.531
Plagioscion_squamosissimus;-52.16;-22.603
Plagioscion_squamosissimus;-52.16;-22.603
Plagioscion_squamosissimus;-52.16;-22.639
Plagioscion_squamosissimus;-52.027;-22.531
Plagioscion_squamosissimus;-52.16;-22.603
Plagioscion_squamosissimus;-50.527;-22.944
Plagioscion_squamosissimus;-52.16;-22.603
Plagioscion_squamosissimus;-52.16;-22.603
Plagioscion_squamosissimus;-52.16;-22.639
Plagioscion_squamosissimus;-52.16;-22.639
Plagioscion_squamosissimus;-52.16;-22.639
Plagioscion_squamosissimus;-49.992;-22.916
Plagioscion_squamosissimus;-49.992;-22.916
Plagioscion_squamosissimus;-49.992;-22.916
Plagioscion_squamosissimus;-49.992;-22.916
Plagioscion_squamosissimus;-49.992;-22.916
Plagioscion_squamosissimus;-49.992;-22.916
Plagioscion_squamosissimus;-49.992;-22.916
Plagioscion_squamosissimus;-50.262;-22.935
Plagioscion_squamosissimus;-49.992;-22.916
Plagioscion_squamosissimus;-50.262;-22.935
Plagioscion_squamosissimus;-49.992;-22.916
Plagioscion_squamosissimus;-49.992;-22.916
Plagioscion_squamosissimus;-50.262;-22.935
Plagioscion_squamosissimus;-50.262;-22.935
Plagioscion_squamosissimus;-50.262;-22.935
Plagioscion_squamosissimus;-49.992;-22.916
Plagioscion_squamosissimus;-49.992;-22.916
Plagioscion_squamosissimus;-49.992;-22.916
Plagioscion_squamosissimus;-44.2475;-5.3108
Plagioscion_squamosissimus;-44.2492;-6.0258
Plagioscion_squamosissimus;-44.2492;-6.0258
Plagioscion_squamosissimus;-44.2475;-5.3108
Plagioscion_squamosissimus;-44.2475;-5.3108
Plagioscion_squamosissimus;-44.2408;-2.94
Plagioscion_squamosissimus;-44.2408;-2.94
Plagioscion_squamosissimus;-44.2492;-6.0258
Plagioscion_squamosissimus;-44.2475;-5.3108
Plagioscion_squamosissimus;-53.3494;-22.7914
Plagioscion_squamosissimus;-50.2646;-21.107
Plagioscion_squamosissimus;-57.8539;-21.3381
Plagioscion_squamosissimus;-42.817;-5.1056
Plagioscion_squamosissimus;-39.218;-3.8607
Plagioscion_squamosissimus;-42.825;-5.0917
Plagioscion_squamosissimus;-42.9833;-21.2
Plagioscion_squamosissimus;-48.16;-22.56
Plagioscion_squamosissimus;-48.7517;-22.1472
Plagioscion_squamosissimus;-54.3167;-24.1667
Plagioscion_squamosissimus;-43.4392;-13.4869
Plagioscion_squamosissimus;-42.817;-5.1056
Plagioscion_squamosissimus;-48.03;-20.17
Plagioscion_squamosissimus;-46.1975;-23.2525
Plagioscion_squamosissimus;-47.2526;-22.7173
Plagioscion_squamosissimus;-47.2847;-22.7001
Plagioscion_squamosissimus;-48.03;-20.17
Plagioscion_squamosissimus;-48.94;-20.49
Plagioscion_squamosissimus;-50.6361;-18.8558
Plagioscion_squamosissimus;-49.8614;-18.805
Plagioscion_squamosissimus;-50.4247;-18.8339
Plagioscion_squamosissimus;-50.5022;-18.9944
Plagioscion_squamosissimus;-50.5039;-19.0425
Plagioscion_squamosissimus;-50.5039;-19.0425
Plagioscion_squamosissimus;-48.5244;-21.8667
Plagioscion_squamosissimus;-51.6268;-20.7684
Plagioscion_squamosissimus;-57.8539;-21.3381
Plagioscion_squamosissimus;-51.6261;-20.7346
Plagioscion_squamosissimus;-49.7931;-21.2922
Plagioscion_squamosissimus;-50.3533;-19.8575
Plagioscion_squamosissimus;-53.0583;-22.5675
Plagioscion_squamosissimus;-56.7464;-20.1172
Plagioscion_squamosissimus;-49.7417;-21.2028
Plagioscion_squamosissimus;-51.34;-20.43
Plagioscion_squamosissimus;-52.9556;-22.37
Plagioscion_squamosissimus;-52.9556;-22.37
Plagioscion_squamosissimus;-52.9556;-22.37
Plagioscion_squamosissimus;-50.3633;-19.8572
Plagioscion_squamosissimus;-50.3247;-19.8725
Plagioscion_squamosissimus;-51.0022;-20.1794
Plagioscion_squamosissimus;-51.3431;-20.3811
Plagioscion_squamosissimus;-42.825;-5.0917
Plagioscion_squamosissimus;-42.9833;-21.2
Plagioscion_squamosissimus;-39.218;-3.8607
Plagioscion_squamosissimus;-53.3333;-22.7167
Plagioscion_squamosissimus;-52.75;-24.8333
Plagioscion_squamosissimus;-54.5881;-25.5467
Plagioscion_squamosissimus;-53.5372;-22.7944
Plagioscion_squamosissimus;-53.5372;-22.7944
Plagioscion_squamosissimus;-53.5372;-22.7944
Plagioscion_squamosissimus;-53.5372;-22.7944
Plagioscion_squamosissimus;-53.5372;-22.7944
Plagioscion_squamosissimus;-53.2833;-22.75
Plagioscion_squamosissimus;-51.2853;-22.3903
Plagioscion_squamosissimus;-49.9503;-23.1306
Plagioscion_squamosissimus;-43.0228;-6.7669
Plagioscion_squamosissimus;-54.3642;-24.8272
Plagioscion_squamosissimus;-54.3642;-24.8272
Plagioscion_squamosissimus;-54.25;-24.8333
Plagioscion_squamosissimus;-36.945;-5.5347
Plagioscion_squamosissimus;-54.5881;-25.5467
Plagioscion_squamosissimus;-50.8544;-19.2969
Plagioscion_squamosissimus;-52.8722;-22.6003
Plagioscion_squamosissimus;-52.8497;-22.6225
Plagioscion_squamosissimus;-50.6433;-19.1267
Plagioscion_squamosissimus;-53.5689;-20.6728
Plagioscion_squamosissimus;-43.4283;-13.4489
Plagioscion_squamosissimus;-49.9922;-22.8969
Plagioscion_squamosissimus;-49.9964;-22.8811
Plagioscion_squamosissimus;-49.9636;-22.9186
Plagioscion_squamosissimus;-49.9683;-22.9489
Plagioscion_squamosissimus;-48.4297;-19.9644
Plagioscion_squamosissimus;-48.4297;-19.9644
Plagioscion_squamosissimus;-52.9556;-22.37
Plagioscion_squamosissimus;-52.9556;-22.37
Plagioscion_squamosissimus;-52.9556;-22.37
Plagioscion_squamosissimus;-57.1667;-21.1167
Plagioscion_squamosissimus;-51.6783;-20.7511
Plagioscion_squamosissimus;-48.6844;-22.1906
Plagioscion_squamosissimus;-51.1628;-23.3103
Plagioscion_squamosissimus;-50.8497;-23.0997
Plagioscion_squamosissimus;-50.9541;-23.0201
Plagioscion_squamosissimus;-50.8383;-23.0369
Plagioscion_squamosissimus;-54.5836;-25.5919
Plagioscion_squamosissimus;-52.4817;-21.6891
Plagioscion_squamosissimus;-51.0144;-23.3525
Plagioscion_squamosissimus;-44.8698;-3.4651
Plagioscion_squamosissimus;-50.2289;-23.0506
Plagioscion_squamosissimus;-45.431;-3.654
Plagioscion_squamosissimus;-52.1861;-22.6531
Plagioscion_squamosissimus;-52.1861;-22.6531
Plagioscion_squamosissimus;-52.1589;-22.6069
Plagioscion_squamosissimus;-52.1589;-22.6069
Plagioscion_squamosissimus;-52.03;-22.5358
Plagioscion_squamosissimus;-52.0278;-22.5428
Plagioscion_squamosissimus;-51.4594;-22.6617
Plagioscion_squamosissimus;-50.9692;-23.2378
Plagioscion_squamosissimus;-50.4911;-22.9881
Plagioscion_squamosissimus;-50.5272;-22.9428
Plagioscion_squamosissimus;-50.2628;-22.9336
Plagioscion_squamosissimus;-50.2628;-22.9336
Plagioscion_squamosissimus;-49.9925;-22.9144
Plagioscion_squamosissimus;-50.38;-22.74
Plagioscion_squamosissimus;-36.9206;-5.7994
Plagioscion_squamosissimus;-51.0364;-23.0586
Plagioscion_squamosissimus;-50.14;-21.06
Plagioscion_squamosissimus;-50.14;-21.06
Plagioscion_squamosissimus;-50.9519;-23.0244
Plagioscion_squamosissimus;-50.8383;-23.0369
Plagioscion_squamosissimus;-59.4167;-33.7167
Plagioscion_squamosissimus;-62.3167;-24.0833
Plagioscion_squamosissimus;-54.9333;-26.7
Plagioscion_squamosissimus;-53.3494;-22.7914
Plagioscion_squamosissimus;-53.3494;-22.7914
Plagioscion_squamosissimus;-50.2646;-21.107
Plagioscion_squamosissimus;-50.2646;-21.107
Plagioscion_squamosissimus;-50.2646;-21.107
Plagioscion_squamosissimus;-44.2408;-2.94
Plagioscion_squamosissimus;-44.2475;-5.3108
Plagioscion_squamosissimus;-44.2492;-6.0258
Plagioscion_squamosissimus;-44.2408;-2.94
Plagioscion_squamosissimus;-50.262;-22.935
Plagioscion_squamosissimus;-49.992;-22.916
Plagioscion_squamosissimus;-50.527;-22.944
Plagioscion_squamosissimus;-52.16;-22.639
Plagioscion_squamosissimus;-52.16;-22.603
Plagioscion_squamosissimus;-52.16;-22.603
Plagioscion_squamosissimus;-52.16;-22.603
Plagioscion_squamosissimus;-52.16;-22.603
Plagioscion_squamosissimus;-52.028;-22.546
Plagioscion_squamosissimus;-52.027;-22.531
Plagioscion_squamosissimus;-52.027;-22.531
Plagioscion_squamosissimus;-52.027;-22.531
Plagioscion_squamosissimus;-51.381;-22.661
Plagioscion_squamosissimus;-50.262;-22.936
Plagioscion_squamosissimus;-49.996;-22.909
Plagioscion_squamosissimus;-49.996;-22.909
Plagioscion_squamosissimus;-55.8154;-27.4618
Plagioscion_squamosissimus;-54.3469;-24.8253
Plagioscion_squamosissimus;-41.5772;-21.5772
Plagioscion_squamosissimus;-41.5772;-21.5772
Plagioscion_squamosissimus;-41.7577;-21.6372
Plagioscion_squamosissimus;-41.7577;-21.6372
Plagioscion_squamosissimus;-41.7577;-21.6372
Plagioscion_squamosissimus;-41.7577;-21.6372
Plagioscion_squamosissimus;-41.7577;-21.6372
Plagioscion_squamosissimus;-41.7577;-21.6372
Plagioscion_squamosissimus;-41.7577;-21.6372
Plagioscion_squamosissimus;-41.7577;-21.6372
Plagioscion_squamosissimus;-42.0345;-21.63
Plagioscion_squamosissimus;-42.2389;-21.6981
Plagioscion_squamosissimus;-42.2389;-21.6981
Plagioscion_squamosissimus;-42.2389;-21.6981
Plagioscion_squamosissimus;-38.1872;-6.1527
Plagioscion_squamosissimus;-38.1872;-6.1527
Plagioscion_squamosissimus;-38.1872;-6.1527
Plagioscion_squamosissimus;-37.8091;-5.8078
Plagioscion_squamosissimus;-37.8091;-5.8078
Plagioscion_squamosissimus;-37.8091;-5.8078
Plagioscion_squamosissimus;-37.8091;-5.8078
Plagioscion_squamosissimus;-37.8091;-5.8078
Plagioscion_squamosissimus;-37.8091;-5.8078
Plagioscion_squamosissimus;-37.8091;-5.8078
Plagioscion_squamosissimus;-37.8091;-5.8078
Plagioscion_squamosissimus;-37.8091;-5.8078
Plagioscion_squamosissimus;-37.8091;-5.8078
Plagioscion_squamosissimus;-49.7299;-23.3017
Plagioscion_squamosissimus;-53.2114;-22.6642
Plagioscion_squamosissimus;-47.3664;-21.9272
Plagioscion_squamosissimus;-53.5114;-22.7642
Plagioscion_squamosissimus;-42.0798;-6.2365
Plagioscion_squamosissimus;-52.4817;-21.6891
Plagioscion_squamosissimus;-48.6844;-22.1906
Plagioscion_squamosissimus;-52.4025;-21.6819
Plagioscion_squamosissimus;-38.25;-9.3667
Plagioscion_squamosissimus;-38.9476;-3.7799
Plagioscion_squamosissimus;-40.9819;-14.0315
Plagioscion_squamosissimus;-53.3698;-22.7807
Plagioscion_squamosissimus;-49.1747;-21.6397
Plagioscion_squamosissimus;-49.1747;-21.6397
Plagioscion_squamosissimus;-49.3306;-21.5657
Plagioscion_squamosissimus;-49.3306;-21.5657
Plagioscion_squamosissimus;-49.5434;-21.404
Plagioscion_squamosissimus;-42.7238;-3.8944
Plagioscion_squamosissimus;-42.8705;-4.5742
Plagioscion_squamosissimus;-49.9003;-22.9331
Plagioscion_squamosissimus;-40.4611;-4.2342
Plagioscion_squamosissimus;-40.0356;-4.2242
Plagioscion_squamosissimus;-42.541;-3.5214
Plagioscion_squamosissimus;-54.5356;-25.4197
Plagioscion_squamosissimus;-52.4817;-21.6891
Plagioscion_squamosissimus;-40.2903;-9.1221
Plagioscion_squamosissimus;-52.1691;-21.8429
Plagioscion_squamosissimus;-48.81;-21.89
Plagioscion_squamosissimus;-49.2333;-21.6333
Plagioscion_squamosissimus;-48.7076;-22.3736
Plagioscion_squamosissimus;-48.9299;-21.8583
Plagioscion_squamosissimus;-48.711;-22.1799
Plagioscion_squamosissimus;-48.711;-22.1799
Plagioscion_squamosissimus;-48.9299;-21.8583
Plagioscion_squamosissimus;-49.2066;-21.6555
Plagioscion_squamosissimus;-49.2066;-21.6555
Plagioscion_squamosissimus;-44.8;-7.3831
Plagioscion_squamosissimus;-37.8091;-5.8078
Plagioscion_squamosissimus;-37.8091;-5.8078
Plagioscion_squamosissimus;-37.8091;-5.8078
Plagioscion_squamosissimus;-37.8091;-5.8078
Plagioscion_squamosissimus;-37.8091;-5.8078
Plagioscion_squamosissimus;-37.8091;-5.8078
Plagioscion_squamosissimus;-37.8091;-5.8078
Plagioscion_squamosissimus;-37.8091;-5.8078
Plagioscion_squamosissimus;-37.8091;-5.8078
Plagioscion_squamosissimus;-37.8091;-5.8078
Plagioscion_squamosissimus;-37.8091;-5.8078
Plagioscion_squamosissimus;-37.8091;-5.8078
Plagioscion_squamosissimus;-37.8091;-5.8078
Plagioscion_squamosissimus;-37.8091;-5.8078
Plagioscion_squamosissimus;-37.8091;-5.8078
Plagioscion_squamosissimus;-37.8091;-5.8078
Plagioscion_squamosissimus;-37.8091;-5.8078
Plagioscion_squamosissimus;-37.8091;-5.8078
Plagioscion_squamosissimus;-37.8091;-5.8078
Plagioscion_squamosissimus;-37.8091;-5.8078
Plagioscion_squamosissimus;-37.8091;-5.8078
Plagioscion_squamosissimus;-37.8091;-5.8078
Plagioscion_squamosissimus;-37.8091;-5.8078
Plagioscion_squamosissimus;-37.8091;-5.8078
Plagioscion_squamosissimus;-37.8091;-5.8078
Plagioscion_squamosissimus;-37.8091;-5.8078
Plagioscion_squamosissimus;-37.8091;-5.8078
Plagioscion_squamosissimus;-37.8091;-5.8078
Plagioscion_squamosissimus;-37.8091;-5.8078
Plagioscion_squamosissimus;-37.8091;-5.8078
Plagioscion_squamosissimus;-37.8091;-5.8078
Plagioscion_squamosissimus;-37.8091;-5.8078
Plagioscion_squamosissimus;-37.8091;-5.8078
Plagioscion_squamosissimus;-37.8091;-5.8078
Plagioscion_squamosissimus;-37.8091;-5.8078
Plagioscion_squamosissimus;-37.8091;-5.8078
Plagioscion_squamosissimus;-37.8091;-5.8078
Plagioscion_squamosissimus;-37.8091;-5.8078
Plagioscion_squamosissimus;-37.8091;-5.8078
Plagioscion_squamosissimus;-37.8091;-5.8078
Plagioscion_squamosissimus;-37.8091;-5.8078
Plagioscion_squamosissimus;-37.8091;-5.8078
Plagioscion_squamosissimus;-37.8091;-5.8078
Plagioscion_squamosissimus;-37.8091;-5.8078
Plagioscion_squamosissimus;-37.8091;-5.8078
Plagioscion_squamosissimus;-37.8091;-5.8078
Plagioscion_squamosissimus;-37.8091;-5.8078
Plagioscion_squamosissimus;-37.8091;-5.8078
Plagioscion_squamosissimus;-37.8091;-5.8078
Plagioscion_squamosissimus;-37.8091;-5.8078
Plagioscion_squamosissimus;-37.8091;-5.8078
Plagioscion_squamosissimus;-37.8091;-5.8078
Plagioscion_squamosissimus;-37.8091;-5.8078
Plagioscion_squamosissimus;-37.8091;-5.8078
Plagioscion_squamosissimus;-37.8091;-5.8078
Plagioscion_squamosissimus;-37.8091;-5.8078
Plagioscion_squamosissimus;-37.8091;-5.8078
Plagioscion_squamosissimus;-37.8091;-5.8078
Plagioscion_squamosissimus;-48.1503;-20.0181
Plagioscion_squamosissimus;-41.75;-5.3333
Plagioscion_squamosissimus;-49.5434;-21.404
Plagioscion_squamosissimus;-49.7384;-21.3062
Plagioscion_squamosissimus;-49.7384;-21.3062
Plagioscion_squamosissimus;-48.7076;-22.3736
Plagioscion_squamosissimus;-49.8839;-21.25
Plagioscion_squamosissimus;-49.8839;-21.25
Plagioscion_squamosissimus;-50.0371;-21.2126
Plagioscion_squamosissimus;-50.0371;-21.2126
Plagioscion_squamosissimus;-50.1198;-21.1915
Plagioscion_squamosissimus;-50.1198;-21.1915
Plagioscion_squamosissimus;-50.165;-21.1308
Plagioscion_squamosissimus;-50.165;-21.1308
Plagioscion_squamosissimus;-49.6931;-23.2578
Plagioscion_squamosissimus;-50.9664;-20.2857
Plagioscion_squamosissimus;-50.9602;-20.2836
Plagioscion_squamosissimus;-50.9664;-20.2857
Plagioscion_squamosissimus;-50.9602;-20.2836
Plagioscion_squamosissimus;-50.9664;-20.2857
Plagioscion_squamosissimus;-50.9602;-20.2836
Plagioscion_squamosissimus;-50.9664;-20.2857
Plagioscion_squamosissimus;-50.9602;-20.2836
Plagioscion_squamosissimus;-54.3469;-24.8253
Plagioscion_squamosissimus;-38.2147;-9.4061
Plagioscion_squamosissimus;-51.6111;-20.6192
Plagioscion_squamosissimus;-55.8044;-27.447
Plagioscion_squamosissimus;-52.7786;-22.6597
Plagioscion_squamosissimus;-51.3306;-20.6787
Plagioscion_squamosissimus;-51.151;-20.6868
Plagioscion_squamosissimus;-50.8613;-20.8374
Plagioscion_squamosissimus;-50.2172;-21.1231
Plagioscion_squamosissimus;-42.817;-5.1056
Plagioscion_squamosissimus;-43.4283;-13.4489
