species,longitude,latitude
Plagioscion_squamosissimus,-51.6667,3
Plagioscion_squamosissimus,-51.3333,3.3333
Plagioscion_squamosissimus,-51,3.6667
Plagioscion_squamosissimus,-58.7667,-3.3667
Plagioscion_squamosissimus,-48.4333,-1.2333
Plagioscion_squamosissimus,-56.014,-4.2884
Plagioscion_squamosissimus,-57.7374,-6.2482
Plagioscion_squamosissimus,-54.9497,-2.4196
Plagioscion_squamosissimus,-64.6833,-9.1881
Plagioscion_squamosissimus,-64.6833,-9.2667
Plagioscion_squamosissimus,-64.8833,-9.3833
Plagioscion_squamosissimus,-60.2433,-3.3067
Plagioscion_squamosissimus,-59.9701,-3.2538
Plagioscion_squamosissimus,-48.5833,-11.8667
Plagioscion_squamosissimus,-48.4,-10.6167
Plagioscion_squamosissimus,-48.45,-11.2333
Plagioscion_squamosissimus,-48.1667,-8.9667
Plagioscion_squamosissimus,-55.9081,-3.1631
Plagioscion_squamosissimus,-48.8667,-1.6833
Plagioscion_squamosissimus,-50.2,-1
Plagioscion_squamosissimus,-54.7333,-2.4
Plagioscion_squamosissimus,-75.8833,-0.25
Plagioscion_squamosissimus,-55.6944,-4.0808
Plagioscion_squamosissimus,-48.1667,-8.9667
Plagioscion_squamosissimus,-48.4,-10.6167
Plagioscion_squamosissimus,-48.5833,-11.8667
Plagioscion_squamosissimus,-48.3714,-9.7572
Plagioscion_squamosissimus,-48.095,0.0617
Plagioscion_squamosissimus,-49.9067,1.6783
Plagioscion_squamosissimus,-55.3615,-3.5486
Plagioscion_squamosissimus,-55.3738,-3.7801
Plagioscion_squamosissimus,-55.9166,-4.2575
Plagioscion_squamosissimus,-56.0786,-4.3588
Plagioscion_squamosissimus,-56.2508,-4.3908
Plagioscion_squamosissimus,-56.2586,-4.4268
Plagioscion_squamosissimus,-48.7529,-1.5412
Plagioscion_squamosissimus,-48.7787,-1.5693
Plagioscion_squamosissimus,-48.4833,-1.25
Plagioscion_squamosissimus,-48.75,-1.5
Plagioscion_squamosissimus,-66.15,7.6525
Plagioscion_squamosissimus,-63.2544,-4.0333
Plagioscion_squamosissimus,-48.71,-11.1153
Plagioscion_squamosissimus,-60.5,8.5667
Plagioscion_squamosissimus,-49.2,-3.7167
Plagioscion_squamosissimus,-66.3197,-7.6392
Plagioscion_squamosissimus,-66.15,-7.6525
Plagioscion_squamosissimus,-66.3197,-7.6392
Plagioscion_squamosissimus,-66.15,-7.6525
Plagioscion_squamosissimus,-55.1886,5.8759
Plagioscion_squamosissimus,-66.3167,-7.6333
Plagioscion_squamosissimus,-66.15,-7.6525
Plagioscion_squamosissimus,-60,-3
Plagioscion_squamosissimus,-48.3714,-9.7572
Plagioscion_squamosissimus,-48.1167,-5.65
Plagioscion_squamosissimus,-60.0261,-3.1072
Plagioscion_squamosissimus,-48.5333,-1.25
Plagioscion_squamosissimus,-55.6883,-4.0961
Plagioscion_squamosissimus,-48.5833,-11.8667
Plagioscion_squamosissimus,-48.4,-10.6167
Plagioscion_squamosissimus,-48.1667,-8.9667
Plagioscion_squamosissimus,-61.8581,-1.0564
Plagioscion_squamosissimus,-61.8486,-1.2664
Plagioscion_squamosissimus,-60.2456,-3.0789
Plagioscion_squamosissimus,-58.8681,-3.4706
Plagioscion_squamosissimus,-60.1194,-3.3444
Plagioscion_squamosissimus,-59.5386,-3.1156
Plagioscion_squamosissimus,-58.2203,-3.0775
Plagioscion_squamosissimus,-57.0331,-2.5519
Plagioscion_squamosissimus,-54.9725,-2.1725
Plagioscion_squamosissimus,-54.5014,-2.4694
Plagioscion_squamosissimus,-55.1606,-2.8714
Plagioscion_squamosissimus,-51.15,4.4333
Plagioscion_squamosissimus,-50.95,-14.416
Plagioscion_squamosissimus,-50.95,-14.4167
Plagioscion_squamosissimus,-62.0596,9.057
Plagioscion_squamosissimus,-50.2078,-1.0006
Plagioscion_squamosissimus,-48.4833,-1.25
Plagioscion_squamosissimus,-60.8333,-3.4
Plagioscion_squamosissimus,-64.9451,-3.4024
Plagioscion_squamosissimus,-59.9172,-3.1494
Plagioscion_squamosissimus,-60.8115,-3.287
Plagioscion_squamosissimus,-60.0139,-1.1548
Plagioscion_squamosissimus,-48.7465,-1.5437
Plagioscion_squamosissimus,-48.8667,-1.55
Plagioscion_squamosissimus,-48.5333,-1.45
Plagioscion_squamosissimus,-59.9198,-3.1516
Plagioscion_squamosissimus,-54.8093,-2.2295
Plagioscion_squamosissimus,-57.1816,5.1527
Plagioscion_squamosissimus,-73.18,3.01
Plagioscion_squamosissimus,-68.08,6.02
Plagioscion_squamosissimus,-70.41,5.51
Plagioscion_squamosissimus,-72.56,4.31
Plagioscion_squamosissimus,-67.4262,5.9952
Plagioscion_squamosissimus,-72.56,4.3
Plagioscion_squamosissimus,-72.56,4.31
Plagioscion_squamosissimus,-72.56,4.31
Plagioscion_squamosissimus,-50.9925,-4.45
Plagioscion_squamosissimus,-50.3339,4.2972
Plagioscion_squamosissimus,-50.1736,4.0494
Plagioscion_squamosissimus,-48.7767,-1.5591
Plagioscion_squamosissimus,-50.0817,3.9064
Plagioscion_squamosissimus,-51.1936,3.9133
Plagioscion_squamosissimus,-50.9528,4.5153
Plagioscion_squamosissimus,-60.02,-3.1
Plagioscion_squamosissimus,-60.02,-3.1
Plagioscion_squamosissimus,-70.2289,-4.3531
Plagioscion_squamosissimus,-55.0767,-2.2378
Plagioscion_squamosissimus,-54.9106,-2.3594
Plagioscion_squamosissimus,-54.8708,-2.1806
Plagioscion_squamosissimus,-55.2292,-3.1011
Plagioscion_squamosissimus,-55.4097,-2.0431
Plagioscion_squamosissimus,-55.2583,-2.1469
Plagioscion_squamosissimus,-54.8019,-2.2461
Plagioscion_squamosissimus,-54.96,-2.4936
Plagioscion_squamosissimus,-54.8542,-2.1878
Plagioscion_squamosissimus,-55.0397,-2.1861
Plagioscion_squamosissimus,-47.0203,-14.3933
Plagioscion_squamosissimus,-60.5333,-3.0333
Plagioscion_squamosissimus,-47.0367,-14.3917
Plagioscion_squamosissimus,-59.2333,7.6667
Plagioscion_squamosissimus,-59.2333,7.65
Plagioscion_squamosissimus,-59.2333,7.6833
Plagioscion_squamosissimus,-59.55,7.5167
Plagioscion_squamosissimus,-59.2333,7.65
Plagioscion_squamosissimus,-60.0167,-3.1
Plagioscion_squamosissimus,-60.0167,-3.1
Plagioscion_squamosissimus,-50.7964,-5.4808
Plagioscion_squamosissimus,-50.6761,-6.08
Plagioscion_squamosissimus,-50.5136,-6.955
Plagioscion_squamosissimus,-49.5844,-6.1386
Plagioscion_squamosissimus,-51.2867,-4.6622
Plagioscion_squamosissimus,-50.5828,-6.3319
Plagioscion_squamosissimus,-50.8053,-4.3208
Plagioscion_squamosissimus,-49.9319,-5.2775
Plagioscion_squamosissimus,-51.0333,-5.5086
Plagioscion_squamosissimus,-49.5792,-5.1883
Plagioscion_squamosissimus,-50.7964,-5.4808
Plagioscion_squamosissimus,-51.0333,-5.5086
Plagioscion_squamosissimus,-49.6203,-5.6092
Plagioscion_squamosissimus,-49.5792,-5.1883
Plagioscion_squamosissimus,-50.3469,-5.0858
Plagioscion_squamosissimus,-49.7408,-5.6583
Plagioscion_squamosissimus,-50.3036,-5.7583
Plagioscion_squamosissimus,-50.0139,-5.3419
Plagioscion_squamosissimus,-50.4347,-4.8364
Plagioscion_squamosissimus,-50.0347,-5.4522
Plagioscion_squamosissimus,-50.6761,-6.08
Plagioscion_squamosissimus,-50.6644,-5.0467
Plagioscion_squamosissimus,-48.9,0.15
Plagioscion_squamosissimus,-50.8933,-2.0386
Plagioscion_squamosissimus,-50.8933,-2.0386
Plagioscion_squamosissimus,-50.8933,-2.0386
Plagioscion_squamosissimus,-55.5969,-1.9453
Plagioscion_squamosissimus,-56.2561,-2.3219
Plagioscion_squamosissimus,-56.2561,-2.3219
Plagioscion_squamosissimus,-58.5838,3.4414
Plagioscion_squamosissimus,-69.5489,7.4124
Plagioscion_squamosissimus,-65.3617,-10.8167
Plagioscion_squamosissimus,-66.9826,-13.9674
Plagioscion_squamosissimus,-53.0308,5.47
Plagioscion_squamosissimus,-52.6689,5.1094
Plagioscion_squamosissimus,-52.4875,4.6577
Plagioscion_squamosissimus,-52.3979,4.9292
Plagioscion_squamosissimus,-51.7659,4.2065
Plagioscion_squamosissimus,-52.3965,4.2057
Plagioscion_squamosissimus,-52.3076,4.8389
Plagioscion_squamosissimus,-54.0237,5.6465
Plagioscion_squamosissimus,-53.0308,5.47
Plagioscion_squamosissimus,-54.3791,4.6511
Plagioscion_squamosissimus,-52.7583,4.8379
Plagioscion_squamosissimus,-53.0308,5.47
Plagioscion_squamosissimus,-53.7504,5.0153
Plagioscion_squamosissimus,-54.3819,5.193
Plagioscion_squamosissimus,-52.7583,4.8379
Plagioscion_squamosissimus,-52.6687,5.019
Plagioscion_squamosissimus,-54.1055,3.749
Plagioscion_squamosissimus,-54.3814,5.1027
Plagioscion_squamosissimus,-53.9253,3.6593
Plagioscion_squamosissimus,-53.8438,5.7378
Plagioscion_squamosissimus,-54.2864,4.0193
Plagioscion_squamosissimus,-52.5763,4.0244
Plagioscion_squamosissimus,-52.3965,4.2057
Plagioscion_squamosissimus,-54.104,3.2974
Plagioscion_squamosissimus,-52.7586,4.9283
Plagioscion_squamosissimus,-52.576,3.8436
Plagioscion_squamosissimus,-52.7581,4.7475
Plagioscion_squamosissimus,-52.3979,4.9292
Plagioscion_squamosissimus,-52.6689,5.1094
Plagioscion_squamosissimus,-54.3779,4.3802
Plagioscion_squamosissimus,-51.9463,4.3872
Plagioscion_squamosissimus,-52.3964,4.1152
Plagioscion_squamosissimus,-52.6689,5.1094
Plagioscion_squamosissimus,-53.934,5.7373
Plagioscion_squamosissimus,-54.4678,4.3798
Plagioscion_squamosissimus,-52.6689,5.1094
Plagioscion_squamosissimus,-53.934,5.7373
Plagioscion_squamosissimus,-54.104,3.2974
Plagioscion_squamosissimus,-53.75,4.925
Plagioscion_squamosissimus,-54.2918,5.1935
Plagioscion_squamosissimus,-52.7586,4.9283
Plagioscion_squamosissimus,-53.934,5.7373
Plagioscion_squamosissimus,-54.3791,4.6511
Plagioscion_squamosissimus,-52.7583,4.8379
Plagioscion_squamosissimus,-52.7586,4.9283
Plagioscion_squamosissimus,-52.1264,4.2965
Plagioscion_squamosissimus,-52.6687,5.019
Plagioscion_squamosissimus,-53.0308,5.47
Plagioscion_squamosissimus,-52.576,3.8436
Plagioscion_squamosissimus,-52.6689,5.1094
Plagioscion_squamosissimus,-52.4849,3.2107
Plagioscion_squamosissimus,-52.9386,4.8374
Plagioscion_squamosissimus,-54.3767,4.1093
Plagioscion_squamosissimus,-54.0237,5.6465
Plagioscion_squamosissimus,-54.3767,4.1093
Plagioscion_squamosissimus,-52.6658,3.753
Plagioscion_squamosissimus,-54.286,3.929
Plagioscion_squamosissimus,-52.7586,4.9283
Plagioscion_squamosissimus,-52.94,5.2895
Plagioscion_squamosissimus,-54.4687,4.5604
Plagioscion_squamosissimus,-53.3912,5.3783
Plagioscion_squamosissimus,-52.9397,5.1991
Plagioscion_squamosissimus,-52.7588,5.0187
Plagioscion_squamosissimus,-52.6687,5.019
Plagioscion_squamosissimus,-53.0308,5.47
Plagioscion_squamosissimus,-52.6689,5.1094
Plagioscion_squamosissimus,-52.8485,4.8377
Plagioscion_squamosissimus,-52.7583,4.8379
Plagioscion_squamosissimus,-54.1936,3.2067
Plagioscion_squamosissimus,-52.6687,5.019
Plagioscion_squamosissimus,-53.9245,3.3883
Plagioscion_squamosissimus,-53.0293,5.018
Plagioscion_squamosissimus,-52.9403,5.3799
Plagioscion_squamosissimus,-53.0293,5.018
Plagioscion_squamosissimus,-52.6689,5.1094
Plagioscion_squamosissimus,-52.6689,5.1094
Plagioscion_squamosissimus,-51.9463,4.3872
Plagioscion_squamosissimus,-53.8346,3.3885
Plagioscion_squamosissimus,-54.4678,4.3798
Plagioscion_squamosissimus,-52.7586,4.9283
Plagioscion_squamosissimus,-54.3775,4.2899
Plagioscion_squamosissimus,-52.5763,4.0244
Plagioscion_squamosissimus,-52.7581,4.7475
Plagioscion_squamosissimus,-54.104,3.2974
Plagioscion_squamosissimus,-54.3819,5.193
Plagioscion_squamosissimus,-52.5762,3.934
Plagioscion_squamosissimus,-52.7586,4.9283
Plagioscion_squamosissimus,-54.4678,4.3798
Plagioscion_squamosissimus,-52.6689,5.1094
Plagioscion_squamosissimus,-52.6689,5.1094
Plagioscion_squamosissimus,-52.3964,4.1152
Plagioscion_squamosissimus,-53.0308,5.47
Plagioscion_squamosissimus,-53.8438,5.7378
Plagioscion_squamosissimus,-54.1055,3.749
Plagioscion_squamosissimus,-52.8485,4.8377
Plagioscion_squamosissimus,-52.6687,5.019
Plagioscion_squamosissimus,-52.7583,4.8379
Plagioscion_squamosissimus,-53.934,5.7373
Plagioscion_squamosissimus,-52.6689,5.1094
Plagioscion_squamosissimus,-52.6658,3.753
Plagioscion_squamosissimus,-52.6687,5.019
Plagioscion_squamosissimus,-53.8346,3.3885
Plagioscion_squamosissimus,-52.4849,3.2107
Plagioscion_squamosissimus,-54.286,3.929
Plagioscion_squamosissimus,-53.0308,5.47
Plagioscion_squamosissimus,-52.9397,5.1991
Plagioscion_squamosissimus,-52.7588,5.0187
Plagioscion_squamosissimus,-54.3775,4.2899
Plagioscion_squamosissimus,-53.0293,5.018
Plagioscion_squamosissimus,-53.9245,3.3883
Plagioscion_squamosissimus,-52.7586,4.9283
Plagioscion_squamosissimus,-52.7583,4.8379
Plagioscion_squamosissimus,-53.934,5.7373
Plagioscion_squamosissimus,-53.3912,5.3783
Plagioscion_squamosissimus,-52.8485,4.8377
Plagioscion_squamosissimus,-52.6689,5.1094
Plagioscion_squamosissimus,-54.1957,3.839
Plagioscion_squamosissimus,-52.6687,5.019
Plagioscion_squamosissimus,-54.3791,4.6511
Plagioscion_squamosissimus,-52.9403,5.3799
Plagioscion_squamosissimus,-51.9463,4.3872
Plagioscion_squamosissimus,-52.5763,4.0244
Plagioscion_squamosissimus,-54.4696,4.741
Plagioscion_squamosissimus,-53.934,5.7373
Plagioscion_squamosissimus,-52.6689,5.1094
Plagioscion_squamosissimus,-54.2864,4.0193
Plagioscion_squamosissimus,-53.8405,5.0149
Plagioscion_squamosissimus,-52.7586,4.9283
Plagioscion_squamosissimus,-54.4687,4.5604
Plagioscion_squamosissimus,-54.3767,4.1093
Plagioscion_squamosissimus,-53.75,4.925
Plagioscion_squamosissimus,-54.3775,4.2899
Plagioscion_squamosissimus,-53.0308,5.47
Plagioscion_squamosissimus,-52.6687,5.019
Plagioscion_squamosissimus,-52.576,3.8436
Plagioscion_squamosissimus,-52.5763,4.0244
Plagioscion_squamosissimus,-54.3791,4.6511
Plagioscion_squamosissimus,-52.6689,5.1094
Plagioscion_squamosissimus,-53.0308,5.47
Plagioscion_squamosissimus,-54.0237,5.6465
Plagioscion_squamosissimus,-54.3814,5.1027
Plagioscion_squamosissimus,-52.9386,4.8374
Plagioscion_squamosissimus,-52.6689,5.1094
Plagioscion_squamosissimus,-53.0293,5.018
Plagioscion_squamosissimus,-52.3979,4.9292
Plagioscion_squamosissimus,-54.471,5.0119
Plagioscion_squamosissimus,-54.3767,4.1093
Plagioscion_squamosissimus,-53.9253,3.6593
Plagioscion_squamosissimus,-54.104,3.2974
Plagioscion_squamosissimus,-51.9463,4.3872
Plagioscion_squamosissimus,-54.1936,3.2067
Plagioscion_squamosissimus,-52.94,5.2895
Plagioscion_squamosissimus,-54.3779,4.3802
Plagioscion_squamosissimus,-52.7586,4.9283
Plagioscion_squamosissimus,-51.8556,3.8446
Plagioscion_squamosissimus,-52.7583,4.8379
Plagioscion_squamosissimus,-54.2918,5.1935
Plagioscion_squamosissimus,-52.7586,4.9283
Plagioscion_squamosissimus,-52.3965,4.2057
Plagioscion_squamosissimus,-54.0153,3.659
Plagioscion_squamosissimus,-54.4683,4.4701
Plagioscion_squamosissimus,-52.1264,4.2965
Plagioscion_squamosissimus,-54.4678,4.3798
Plagioscion_squamosissimus,-71.6733,4.6096
Plagioscion_squamosissimus,-71.7141,4.5858
Plagioscion_squamosissimus,-71.6733,4.6096
Plagioscion_squamosissimus,-71.6733,4.6096
Plagioscion_squamosissimus,-71.7141,4.5858
Plagioscion_squamosissimus,-71.7141,4.5858
Plagioscion_squamosissimus,-71.7141,4.5858
Plagioscion_squamosissimus,-71.7141,4.5858
Plagioscion_squamosissimus,-71.7141,4.5858
Plagioscion_squamosissimus,-71.7141,4.5858
Plagioscion_squamosissimus,-71.7141,4.5858
Plagioscion_squamosissimus,-71.7141,4.5858
Plagioscion_squamosissimus,-71.7141,4.5858
Plagioscion_squamosissimus,-71.7141,4.5858
Plagioscion_squamosissimus,-71.7141,4.5858
Plagioscion_squamosissimus,-71.7141,4.5858
Plagioscion_squamosissimus,-71.7141,4.5858
Plagioscion_squamosissimus,-71.7141,4.5858
Plagioscion_squamosissimus,-71.7141,4.5858
Plagioscion_squamosissimus,-71.7141,4.5858
Plagioscion_squamosissimus,-71.7141,4.5858
Plagioscion_squamosissimus,-71.7141,4.5858
Plagioscion_squamosissimus,-71.7141,4.5858
Plagioscion_squamosissimus,-71.7141,4.5858
Plagioscion_squamosissimus,-71.7141,4.5858
Plagioscion_squamosissimus,-71.7141,4.5858
Plagioscion_squamosissimus,-71.7141,4.5858
Plagioscion_squamosissimus,-71.7141,4.5858
Plagioscion_squamosissimus,-71.7141,4.5858
Plagioscion_squamosissimus,-71.7141,4.5858
Plagioscion_squamosissimus,-71.7141,4.5858
Plagioscion_squamosissimus,-71.7141,4.5858
Plagioscion_squamosissimus,-71.7141,4.5858
Plagioscion_squamosissimus,-71.7141,4.5858
Plagioscion_squamosissimus,-71.7141,4.5858
Plagioscion_squamosissimus,-71.7141,4.5858
Plagioscion_squamosissimus,-71.7141,4.5858
Plagioscion_squamosissimus,-71.7141,4.5858
Plagioscion_squamosissimus,-71.7141,4.5858
Plagioscion_squamosissimus,-71.7141,4.5858
Plagioscion_squamosissimus,-71.7141,4.5858
Plagioscion_squamosissimus,-71.7141,4.5858
Plagioscion_squamosissimus,-71.7141,4.5858
Plagioscion_squamosissimus,-71.7141,4.5858
Plagioscion_squamosissimus,-71.7141,4.5858
Plagioscion_squamosissimus,-71.7141,4.5858
Plagioscion_squamosissimus,-54.8093,-2.2295
Plagioscion_squamosissimus,-57.1816,5.1527
Plagioscion_squamosissimus,-73.18,3.01
Plagioscion_squamosissimus,-68.08,6.02
Plagioscion_squamosissimus,-70.41,5.51
Plagioscion_squamosissimus,-72.56,4.31
Plagioscion_squamosissimus,-67.4262,5.9952
Plagioscion_squamosissimus,-72.56,4.3
Plagioscion_squamosissimus,-72.56,4.31
Plagioscion_squamosissimus,-72.56,4.31
Plagioscion_squamosissimus,-50.9925,-4.45
Plagioscion_squamosissimus,-50.3339,4.2972
Plagioscion_squamosissimus,-50.1736,4.0494
Plagioscion_squamosissimus,-48.7767,-1.5591
Plagioscion_squamosissimus,-50.0817,3.9064
Plagioscion_squamosissimus,-51.1936,3.9133
Plagioscion_squamosissimus,-50.9528,4.5153
Plagioscion_squamosissimus,-60.02,-3.1
Plagioscion_squamosissimus,-60.02,-3.1
Plagioscion_squamosissimus,-70.2289,-4.3531
Plagioscion_squamosissimus,-55.0767,-2.2378
Plagioscion_squamosissimus,-54.9106,-2.3594
Plagioscion_squamosissimus,-54.8708,-2.1806
Plagioscion_squamosissimus,-55.2292,-3.1011
Plagioscion_squamosissimus,-55.4097,-2.0431
Plagioscion_squamosissimus,-55.2583,-2.1469
Plagioscion_squamosissimus,-54.8019,-2.2461
Plagioscion_squamosissimus,-54.96,-2.4936
Plagioscion_squamosissimus,-54.8542,-2.1878
Plagioscion_squamosissimus,-55.0397,-2.1861
Plagioscion_squamosissimus,-47.0203,-14.3933
Plagioscion_squamosissimus,-60.5333,-3.0333
Plagioscion_squamosissimus,-47.0367,-14.3917
Plagioscion_squamosissimus,-59.2333,7.6667
Plagioscion_squamosissimus,-59.2333,7.65
Plagioscion_squamosissimus,-59.2333,7.6833
Plagioscion_squamosissimus,-59.55,7.5167
Plagioscion_squamosissimus,-59.2333,7.65
Plagioscion_squamosissimus,-60.0167,-3.1
Plagioscion_squamosissimus,-60.0167,-3.1
Plagioscion_squamosissimus,-50.7964,-5.4808
Plagioscion_squamosissimus,-50.6761,-6.08
Plagioscion_squamosissimus,-50.5136,-6.955
Plagioscion_squamosissimus,-49.5844,-6.1386
Plagioscion_squamosissimus,-51.2867,-4.6622
Plagioscion_squamosissimus,-50.5828,-6.3319
Plagioscion_squamosissimus,-50.8053,-4.3208
Plagioscion_squamosissimus,-49.9319,-5.2775
Plagioscion_squamosissimus,-51.0333,-5.5086
Plagioscion_squamosissimus,-49.5792,-5.1883
Plagioscion_squamosissimus,-50.7964,-5.4808
Plagioscion_squamosissimus,-51.0333,-5.5086
Plagioscion_squamosissimus,-49.6203,-5.6092
Plagioscion_squamosissimus,-49.5792,-5.1883
Plagioscion_squamosissimus,-50.3469,-5.0858
Plagioscion_squamosissimus,-49.7408,-5.6583
Plagioscion_squamosissimus,-50.3036,-5.7583
Plagioscion_squamosissimus,-50.0139,-5.3419
Plagioscion_squamosissimus,-50.4347,-4.8364
Plagioscion_squamosissimus,-50.0347,-5.4522
Plagioscion_squamosissimus,-50.6761,-6.08
Plagioscion_squamosissimus,-50.6644,-5.0467
Plagioscion_squamosissimus,-48.9,0.15
Plagioscion_squamosissimus,-50.8933,-2.0386
Plagioscion_squamosissimus,-50.8933,-2.0386
Plagioscion_squamosissimus,-50.8933,-2.0386
Plagioscion_squamosissimus,-55.5969,-1.9453
Plagioscion_squamosissimus,-56.2561,-2.3219
Plagioscion_squamosissimus,-56.2561,-2.3219
Plagioscion_squamosissimus,-58.5838,3.4414
Plagioscion_squamosissimus,-69.5489,7.4124
Plagioscion_squamosissimus,-65.3617,-10.8167
Plagioscion_squamosissimus,-66.9826,-13.9674
Plagioscion_squamosissimus,-53.0308,5.47
Plagioscion_squamosissimus,-52.6689,5.1094
Plagioscion_squamosissimus,-52.4875,4.6577
Plagioscion_squamosissimus,-52.3979,4.9292
Plagioscion_squamosissimus,-51.7659,4.2065
Plagioscion_squamosissimus,-52.3965,4.2057
Plagioscion_squamosissimus,-52.3076,4.8389
Plagioscion_squamosissimus,-54.0237,5.6465
Plagioscion_squamosissimus,-53.0308,5.47
Plagioscion_squamosissimus,-54.3791,4.6511
Plagioscion_squamosissimus,-52.7583,4.8379
Plagioscion_squamosissimus,-53.0308,5.47
Plagioscion_squamosissimus,-53.7504,5.0153
Plagioscion_squamosissimus,-54.3819,5.193
Plagioscion_squamosissimus,-52.7583,4.8379
Plagioscion_squamosissimus,-52.6687,5.019
Plagioscion_squamosissimus,-54.1055,3.749
Plagioscion_squamosissimus,-54.3814,5.1027
Plagioscion_squamosissimus,-53.9253,3.6593
Plagioscion_squamosissimus,-53.8438,5.7378
Plagioscion_squamosissimus,-54.2864,4.0193
Plagioscion_squamosissimus,-52.5763,4.0244
Plagioscion_squamosissimus,-52.3965,4.2057
Plagioscion_squamosissimus,-54.104,3.2974
Plagioscion_squamosissimus,-52.7586,4.9283
Plagioscion_squamosissimus,-52.576,3.8436
Plagioscion_squamosissimus,-52.7581,4.7475
Plagioscion_squamosissimus,-52.3979,4.9292
Plagioscion_squamosissimus,-52.6689,5.1094
Plagioscion_squamosissimus,-54.3779,4.3802
Plagioscion_squamosissimus,-51.9463,4.3872
Plagioscion_squamosissimus,-52.3964,4.1152
Plagioscion_squamosissimus,-52.6689,5.1094
Plagioscion_squamosissimus,-53.934,5.7373
Plagioscion_squamosissimus,-54.4678,4.3798
Plagioscion_squamosissimus,-52.6689,5.1094
Plagioscion_squamosissimus,-53.934,5.7373
Plagioscion_squamosissimus,-54.104,3.2974
Plagioscion_squamosissimus,-53.75,4.925
Plagioscion_squamosissimus,-54.2918,5.1935
Plagioscion_squamosissimus,-52.7586,4.9283
Plagioscion_squamosissimus,-53.934,5.7373
Plagioscion_squamosissimus,-54.3791,4.6511
Plagioscion_squamosissimus,-52.7583,4.8379
Plagioscion_squamosissimus,-52.7586,4.9283
Plagioscion_squamosissimus,-52.1264,4.2965
Plagioscion_squamosissimus,-52.6687,5.019
Plagioscion_squamosissimus,-53.0308,5.47
Plagioscion_squamosissimus,-52.576,3.8436
Plagioscion_squamosissimus,-52.6689,5.1094
Plagioscion_squamosissimus,-52.4849,3.2107
Plagioscion_squamosissimus,-52.9386,4.8374
Plagioscion_squamosissimus,-54.3767,4.1093
Plagioscion_squamosissimus,-54.0237,5.6465
Plagioscion_squamosissimus,-54.3767,4.1093
Plagioscion_squamosissimus,-52.6658,3.753
Plagioscion_squamosissimus,-54.286,3.929
Plagioscion_squamosissimus,-52.7586,4.9283
Plagioscion_squamosissimus,-52.94,5.2895
Plagioscion_squamosissimus,-54.4687,4.5604
Plagioscion_squamosissimus,-53.3912,5.3783
Plagioscion_squamosissimus,-52.9397,5.1991
Plagioscion_squamosissimus,-52.7588,5.0187
Plagioscion_squamosissimus,-52.6687,5.019
Plagioscion_squamosissimus,-53.0308,5.47
Plagioscion_squamosissimus,-52.6689,5.1094
Plagioscion_squamosissimus,-52.8485,4.8377
Plagioscion_squamosissimus,-52.7583,4.8379
Plagioscion_squamosissimus,-54.1936,3.2067
Plagioscion_squamosissimus,-52.6687,5.019
Plagioscion_squamosissimus,-53.9245,3.3883
Plagioscion_squamosissimus,-53.0293,5.018
Plagioscion_squamosissimus,-52.9403,5.3799
Plagioscion_squamosissimus,-53.0293,5.018
Plagioscion_squamosissimus,-52.6689,5.1094
Plagioscion_squamosissimus,-52.6689,5.1094
Plagioscion_squamosissimus,-51.9463,4.3872
Plagioscion_squamosissimus,-53.8346,3.3885
Plagioscion_squamosissimus,-54.4678,4.3798
Plagioscion_squamosissimus,-52.7586,4.9283
Plagioscion_squamosissimus,-54.3775,4.2899
Plagioscion_squamosissimus,-52.5763,4.0244
Plagioscion_squamosissimus,-52.7581,4.7475
Plagioscion_squamosissimus,-54.104,3.2974
Plagioscion_squamosissimus,-54.3819,5.193
Plagioscion_squamosissimus,-52.5762,3.934
Plagioscion_squamosissimus,-52.7586,4.9283
Plagioscion_squamosissimus,-54.4678,4.3798
Plagioscion_squamosissimus,-52.6689,5.1094
Plagioscion_squamosissimus,-52.6689,5.1094
Plagioscion_squamosissimus,-52.3964,4.1152
Plagioscion_squamosissimus,-53.0308,5.47
Plagioscion_squamosissimus,-53.8438,5.7378
Plagioscion_squamosissimus,-54.1055,3.749
Plagioscion_squamosissimus,-52.8485,4.8377
Plagioscion_squamosissimus,-52.6687,5.019
Plagioscion_squamosissimus,-52.7583,4.8379
Plagioscion_squamosissimus,-53.934,5.7373
Plagioscion_squamosissimus,-52.6689,5.1094
Plagioscion_squamosissimus,-52.6658,3.753
Plagioscion_squamosissimus,-52.6687,5.019
Plagioscion_squamosissimus,-53.8346,3.3885
Plagioscion_squamosissimus,-52.4849,3.2107
Plagioscion_squamosissimus,-54.286,3.929
Plagioscion_squamosissimus,-53.0308,5.47
Plagioscion_squamosissimus,-52.9397,5.1991
Plagioscion_squamosissimus,-52.7588,5.0187
Plagioscion_squamosissimus,-54.3775,4.2899
Plagioscion_squamosissimus,-53.0293,5.018
Plagioscion_squamosissimus,-53.9245,3.3883
Plagioscion_squamosissimus,-52.7586,4.9283
Plagioscion_squamosissimus,-52.7583,4.8379
Plagioscion_squamosissimus,-53.934,5.7373
Plagioscion_squamosissimus,-53.3912,5.3783
Plagioscion_squamosissimus,-52.8485,4.8377
Plagioscion_squamosissimus,-52.6689,5.1094
Plagioscion_squamosissimus,-54.1957,3.839
Plagioscion_squamosissimus,-52.6687,5.019
Plagioscion_squamosissimus,-54.3791,4.6511
Plagioscion_squamosissimus,-52.9403,5.3799
Plagioscion_squamosissimus,-51.9463,4.3872
Plagioscion_squamosissimus,-52.5763,4.0244
Plagioscion_squamosissimus,-54.4696,4.741
Plagioscion_squamosissimus,-53.934,5.7373
Plagioscion_squamosissimus,-52.6689,5.1094
Plagioscion_squamosissimus,-54.2864,4.0193
Plagioscion_squamosissimus,-53.8405,5.0149
Plagioscion_squamosissimus,-52.7586,4.9283
Plagioscion_squamosissimus,-54.4687,4.5604
Plagioscion_squamosissimus,-54.3767,4.1093
Plagioscion_squamosissimus,-53.75,4.925
Plagioscion_squamosissimus,-54.3775,4.2899
Plagioscion_squamosissimus,-53.0308,5.47
Plagioscion_squamosissimus,-52.6687,5.019
Plagioscion_squamosissimus,-52.576,3.8436
Plagioscion_squamosissimus,-52.5763,4.0244
Plagioscion_squamosissimus,-54.3791,4.6511
Plagioscion_squamosissimus,-52.6689,5.1094
Plagioscion_squamosissimus,-53.0308,5.47
Plagioscion_squamosissimus,-54.0237,5.6465
Plagioscion_squamosissimus,-54.3814,5.1027
Plagioscion_squamosissimus,-52.9386,4.8374
Plagioscion_squamosissimus,-52.6689,5.1094
Plagioscion_squamosissimus,-53.0293,5.018
Plagioscion_squamosissimus,-52.3979,4.9292
Plagioscion_squamosissimus,-54.471,5.0119
Plagioscion_squamosissimus,-54.3767,4.1093
Plagioscion_squamosissimus,-53.9253,3.6593
Plagioscion_squamosissimus,-54.104,3.2974
Plagioscion_squamosissimus,-51.9463,4.3872
Plagioscion_squamosissimus,-54.1936,3.2067
Plagioscion_squamosissimus,-52.94,5.2895
Plagioscion_squamosissimus,-54.3779,4.3802
Plagioscion_squamosissimus,-52.7586,4.9283
Plagioscion_squamosissimus,-51.8556,3.8446
Plagioscion_squamosissimus,-52.7583,4.8379
Plagioscion_squamosissimus,-54.2918,5.1935
Plagioscion_squamosissimus,-52.7586,4.9283
Plagioscion_squamosissimus,-52.3965,4.2057
Plagioscion_squamosissimus,-54.0153,3.659
Plagioscion_squamosissimus,-54.4683,4.4701
Plagioscion_squamosissimus,-52.1264,4.2965
Plagioscion_squamosissimus,-54.4678,4.3798
Plagioscion_squamosissimus,-71.6733,4.6096
Plagioscion_squamosissimus,-71.7141,4.5858
Plagioscion_squamosissimus,-71.6733,4.6096
Plagioscion_squamosissimus,-71.6733,4.6096
Plagioscion_squamosissimus,-71.7141,4.5858
Plagioscion_squamosissimus,-71.7141,4.5858
Plagioscion_squamosissimus,-71.7141,4.5858
Plagioscion_squamosissimus,-71.7141,4.5858
Plagioscion_squamosissimus,-71.7141,4.5858
Plagioscion_squamosissimus,-71.7141,4.5858
Plagioscion_squamosissimus,-71.7141,4.5858
Plagioscion_squamosissimus,-71.7141,4.5858
Plagioscion_squamosissimus,-71.7141,4.5858
Plagioscion_squamosissimus,-71.7141,4.5858
Plagioscion_squamosissimus,-71.7141,4.5858
Plagioscion_squamosissimus,-71.7141,4.5858
Plagioscion_squamosissimus,-71.7141,4.5858
Plagioscion_squamosissimus,-71.7141,4.5858
Plagioscion_squamosissimus,-71.7141,4.5858
Plagioscion_squamosissimus,-71.7141,4.5858
Plagioscion_squamosissimus,-71.7141,4.5858
Plagioscion_squamosissimus,-71.7141,4.5858
Plagioscion_squamosissimus,-71.7141,4.5858
Plagioscion_squamosissimus,-71.7141,4.5858
Plagioscion_squamosissimus,-71.7141,4.5858
Plagioscion_squamosissimus,-71.7141,4.5858
Plagioscion_squamosissimus,-71.7141,4.5858
Plagioscion_squamosissimus,-71.7141,4.5858
Plagioscion_squamosissimus,-71.7141,4.5858
Plagioscion_squamosissimus,-71.7141,4.5858
Plagioscion_squamosissimus,-71.7141,4.5858
Plagioscion_squamosissimus,-71.7141,4.5858
Plagioscion_squamosissimus,-71.7141,4.5858
Plagioscion_squamosissimus,-71.7141,4.5858
Plagioscion_squamosissimus,-71.7141,4.5858
Plagioscion_squamosissimus,-71.7141,4.5858
Plagioscion_squamosissimus,-71.7141,4.5858
Plagioscion_squamosissimus,-71.7141,4.5858
Plagioscion_squamosissimus,-71.7141,4.5858
Plagioscion_squamosissimus,-71.7141,4.5858
Plagioscion_squamosissimus,-71.7141,4.5858
Plagioscion_squamosissimus,-71.7141,4.5858
Plagioscion_squamosissimus,-71.7141,4.5858
Plagioscion_squamosissimus,-71.7141,4.5858
Plagioscion_squamosissimus,-71.7141,4.5858
Plagioscion_squamosissimus,-54.8093,-2.2295
Plagioscion_squamosissimus,-57.1816,5.1527
Plagioscion_squamosissimus,-73.18,3.01
Plagioscion_squamosissimus,-68.08,6.02
Plagioscion_squamosissimus,-70.41,5.51
Plagioscion_squamosissimus,-72.56,4.31
Plagioscion_squamosissimus,-67.4262,5.9952
Plagioscion_squamosissimus,-72.56,4.3
Plagioscion_squamosissimus,-72.56,4.31
Plagioscion_squamosissimus,-72.56,4.31
Plagioscion_squamosissimus,-50.9925,-4.45
Plagioscion_squamosissimus,-50.3339,4.2972
Plagioscion_squamosissimus,-50.1736,4.0494
Plagioscion_squamosissimus,-48.7767,-1.5591
Plagioscion_squamosissimus,-50.0817,3.9064
Plagioscion_squamosissimus,-51.1936,3.9133
Plagioscion_squamosissimus,-50.9528,4.5153
Plagioscion_squamosissimus,-60.02,-3.1
Plagioscion_squamosissimus,-60.02,-3.1
Plagioscion_squamosissimus,-70.2289,-4.3531
Plagioscion_squamosissimus,-55.0767,-2.2378
Plagioscion_squamosissimus,-54.9106,-2.3594
Plagioscion_squamosissimus,-54.8708,-2.1806
Plagioscion_squamosissimus,-55.2292,-3.1011
Plagioscion_squamosissimus,-55.4097,-2.0431
Plagioscion_squamosissimus,-55.2583,-2.1469
Plagioscion_squamosissimus,-54.8019,-2.2461
Plagioscion_squamosissimus,-54.96,-2.4936
Plagioscion_squamosissimus,-54.8542,-2.1878
Plagioscion_squamosissimus,-55.0397,-2.1861
Plagioscion_squamosissimus,-47.0203,-14.3933
Plagioscion_squamosissimus,-60.5333,-3.0333
Plagioscion_squamosissimus,-47.0367,-14.3917
Plagioscion_squamosissimus,-59.2333,7.6667
Plagioscion_squamosissimus,-59.2333,7.65
Plagioscion_squamosissimus,-59.2333,7.6833
Plagioscion_squamosissimus,-59.55,7.5167
Plagioscion_squamosissimus,-59.2333,7.65
Plagioscion_squamosissimus,-60.0167,-3.1
Plagioscion_squamosissimus,-60.0167,-3.1
Plagioscion_squamosissimus,-50.7964,-5.4808
Plagioscion_squamosissimus,-50.6761,-6.08
Plagioscion_squamosissimus,-50.5136,-6.955
Plagioscion_squamosissimus,-49.5844,-6.1386
Plagioscion_squamosissimus,-51.2867,-4.6622
Plagioscion_squamosissimus,-50.5828,-6.3319
Plagioscion_squamosissimus,-50.8053,-4.3208
Plagioscion_squamosissimus,-49.9319,-5.2775
Plagioscion_squamosissimus,-51.0333,-5.5086
Plagioscion_squamosissimus,-49.5792,-5.1883
Plagioscion_squamosissimus,-50.7964,-5.4808
Plagioscion_squamosissimus,-51.0333,-5.5086
Plagioscion_squamosissimus,-49.6203,-5.6092
Plagioscion_squamosissimus,-49.5792,-5.1883
Plagioscion_squamosissimus,-50.3469,-5.0858
Plagioscion_squamosissimus,-49.7408,-5.6583
Plagioscion_squamosissimus,-50.3036,-5.7583
Plagioscion_squamosissimus,-50.0139,-5.3419
Plagioscion_squamosissimus,-50.4347,-4.8364
Plagioscion_squamosissimus,-50.0347,-5.4522
Plagioscion_squamosissimus,-50.6761,-6.08
Plagioscion_squamosissimus,-50.6644,-5.0467
Plagioscion_squamosissimus,-48.9,0.15
Plagioscion_squamosissimus,-50.8933,-2.0386
Plagioscion_squamosissimus,-50.8933,-2.0386
Plagioscion_squamosissimus,-50.8933,-2.0386
Plagioscion_squamosissimus,-55.5969,-1.9453
Plagioscion_squamosissimus,-56.2561,-2.3219
Plagioscion_squamosissimus,-56.2561,-2.3219
Plagioscion_squamosissimus,-58.5838,3.4414
Plagioscion_squamosissimus,-69.5489,7.4124
Plagioscion_squamosissimus,-65.3617,-10.8167
Plagioscion_squamosissimus,-66.9826,-13.9674
Plagioscion_squamosissimus,-53.0308,5.47
Plagioscion_squamosissimus,-52.6689,5.1094
Plagioscion_squamosissimus,-52.4875,4.6577
Plagioscion_squamosissimus,-52.3979,4.9292
Plagioscion_squamosissimus,-51.7659,4.2065
Plagioscion_squamosissimus,-52.3965,4.2057
Plagioscion_squamosissimus,-52.3076,4.8389
Plagioscion_squamosissimus,-54.0237,5.6465
Plagioscion_squamosissimus,-53.0308,5.47
Plagioscion_squamosissimus,-54.3791,4.6511
Plagioscion_squamosissimus,-52.7583,4.8379
Plagioscion_squamosissimus,-53.0308,5.47
Plagioscion_squamosissimus,-53.7504,5.0153
Plagioscion_squamosissimus,-54.3819,5.193
Plagioscion_squamosissimus,-52.7583,4.8379
Plagioscion_squamosissimus,-52.6687,5.019
Plagioscion_squamosissimus,-54.1055,3.749
Plagioscion_squamosissimus,-54.3814,5.1027
Plagioscion_squamosissimus,-53.9253,3.6593
Plagioscion_squamosissimus,-53.8438,5.7378
Plagioscion_squamosissimus,-54.2864,4.0193
Plagioscion_squamosissimus,-52.5763,4.0244
Plagioscion_squamosissimus,-52.3965,4.2057
Plagioscion_squamosissimus,-54.104,3.2974
Plagioscion_squamosissimus,-52.7586,4.9283
Plagioscion_squamosissimus,-52.576,3.8436
Plagioscion_squamosissimus,-52.7581,4.7475
Plagioscion_squamosissimus,-52.3979,4.9292
Plagioscion_squamosissimus,-52.6689,5.1094
Plagioscion_squamosissimus,-54.3779,4.3802
Plagioscion_squamosissimus,-51.9463,4.3872
Plagioscion_squamosissimus,-52.3964,4.1152
Plagioscion_squamosissimus,-52.6689,5.1094
Plagioscion_squamosissimus,-53.934,5.7373
Plagioscion_squamosissimus,-54.4678,4.3798
Plagioscion_squamosissimus,-52.6689,5.1094
Plagioscion_squamosissimus,-53.934,5.7373
Plagioscion_squamosissimus,-54.104,3.2974
Plagioscion_squamosissimus,-53.75,4.925
Plagioscion_squamosissimus,-54.2918,5.1935
Plagioscion_squamosissimus,-52.7586,4.9283
Plagioscion_squamosissimus,-53.934,5.7373
Plagioscion_squamosissimus,-54.3791,4.6511
Plagioscion_squamosissimus,-52.7583,4.8379
Plagioscion_squamosissimus,-52.7586,4.9283
Plagioscion_squamosissimus,-52.1264,4.2965
Plagioscion_squamosissimus,-52.6687,5.019
Plagioscion_squamosissimus,-53.0308,5.47
Plagioscion_squamosissimus,-52.576,3.8436
Plagioscion_squamosissimus,-52.6689,5.1094
Plagioscion_squamosissimus,-52.4849,3.2107
Plagioscion_squamosissimus,-52.9386,4.8374
Plagioscion_squamosissimus,-54.3767,4.1093
Plagioscion_squamosissimus,-54.0237,5.6465
Plagioscion_squamosissimus,-54.3767,4.1093
Plagioscion_squamosissimus,-52.6658,3.753
Plagioscion_squamosissimus,-54.286,3.929
Plagioscion_squamosissimus,-52.7586,4.9283
Plagioscion_squamosissimus,-52.94,5.2895
Plagioscion_squamosissimus,-54.4687,4.5604
Plagioscion_squamosissimus,-53.3912,5.3783
Plagioscion_squamosissimus,-52.9397,5.1991
Plagioscion_squamosissimus,-52.7588,5.0187
Plagioscion_squamosissimus,-52.6687,5.019
Plagioscion_squamosissimus,-53.0308,5.47
Plagioscion_squamosissimus,-52.6689,5.1094
Plagioscion_squamosissimus,-52.8485,4.8377
Plagioscion_squamosissimus,-52.7583,4.8379
Plagioscion_squamosissimus,-54.1936,3.2067
Plagioscion_squamosissimus,-52.6687,5.019
Plagioscion_squamosissimus,-53.9245,3.3883
Plagioscion_squamosissimus,-53.0293,5.018
Plagioscion_squamosissimus,-52.9403,5.3799
Plagioscion_squamosissimus,-53.0293,5.018
Plagioscion_squamosissimus,-52.6689,5.1094
Plagioscion_squamosissimus,-52.6689,5.1094
Plagioscion_squamosissimus,-51.9463,4.3872
Plagioscion_squamosissimus,-53.8346,3.3885
Plagioscion_squamosissimus,-54.4678,4.3798
Plagioscion_squamosissimus,-52.7586,4.9283
Plagioscion_squamosissimus,-54.3775,4.2899
Plagioscion_squamosissimus,-52.5763,4.0244
Plagioscion_squamosissimus,-52.7581,4.7475
Plagioscion_squamosissimus,-54.104,3.2974
Plagioscion_squamosissimus,-54.3819,5.193
Plagioscion_squamosissimus,-52.5762,3.934
Plagioscion_squamosissimus,-52.7586,4.9283
Plagioscion_squamosissimus,-54.4678,4.3798
Plagioscion_squamosissimus,-52.6689,5.1094
Plagioscion_squamosissimus,-52.6689,5.1094
Plagioscion_squamosissimus,-52.3964,4.1152
Plagioscion_squamosissimus,-53.0308,5.47
Plagioscion_squamosissimus,-53.8438,5.7378
Plagioscion_squamosissimus,-54.1055,3.749
Plagioscion_squamosissimus,-52.8485,4.8377
Plagioscion_squamosissimus,-52.6687,5.019
Plagioscion_squamosissimus,-52.7583,4.8379
Plagioscion_squamosissimus,-53.934,5.7373
Plagioscion_squamosissimus,-52.6689,5.1094
Plagioscion_squamosissimus,-52.6658,3.753
Plagioscion_squamosissimus,-52.6687,5.019
Plagioscion_squamosissimus,-53.8346,3.3885
Plagioscion_squamosissimus,-52.4849,3.2107
Plagioscion_squamosissimus,-54.286,3.929
Plagioscion_squamosissimus,-53.0308,5.47
Plagioscion_squamosissimus,-52.9397,5.1991
Plagioscion_squamosissimus,-52.7588,5.0187
Plagioscion_squamosissimus,-54.3775,4.2899
Plagioscion_squamosissimus,-53.0293,5.018
Plagioscion_squamosissimus,-53.9245,3.3883
Plagioscion_squamosissimus,-52.7586,4.9283
Plagioscion_squamosissimus,-52.7583,4.8379
Plagioscion_squamosissimus,-53.934,5.7373
Plagioscion_squamosissimus,-53.3912,5.3783
Plagioscion_squamosissimus,-52.8485,4.8377
Plagioscion_squamosissimus,-52.6689,5.1094
Plagioscion_squamosissimus,-54.1957,3.839
Plagioscion_squamosissimus,-52.6687,5.019
Plagioscion_squamosissimus,-54.3791,4.6511
Plagioscion_squamosissimus,-52.9403,5.3799
Plagioscion_squamosissimus,-51.9463,4.3872
Plagioscion_squamosissimus,-52.5763,4.0244
Plagioscion_squamosissimus,-54.4696,4.741
Plagioscion_squamosissimus,-53.934,5.7373
Plagioscion_squamosissimus,-52.6689,5.1094
Plagioscion_squamosissimus,-54.2864,4.0193
Plagioscion_squamosissimus,-53.8405,5.0149
Plagioscion_squamosissimus,-52.7586,4.9283
Plagioscion_squamosissimus,-54.4687,4.5604
Plagioscion_squamosissimus,-54.3767,4.1093
Plagioscion_squamosissimus,-53.75,4.925
Plagioscion_squamosissimus,-54.3775,4.2899
Plagioscion_squamosissimus,-53.0308,5.47
Plagioscion_squamosissimus,-52.6687,5.019
Plagioscion_squamosissimus,-52.576,3.8436
Plagioscion_squamosissimus,-52.5763,4.0244
Plagioscion_squamosissimus,-54.3791,4.6511
Plagioscion_squamosissimus,-52.6689,5.1094
Plagioscion_squamosissimus,-53.0308,5.47
Plagioscion_squamosissimus,-54.0237,5.6465
Plagioscion_squamosissimus,-54.3814,5.1027
Plagioscion_squamosissimus,-52.9386,4.8374
Plagioscion_squamosissimus,-52.6689,5.1094
Plagioscion_squamosissimus,-53.0293,5.018
Plagioscion_squamosissimus,-52.3979,4.9292
Plagioscion_squamosissimus,-54.471,5.0119
Plagioscion_squamosissimus,-54.3767,4.1093
Plagioscion_squamosissimus,-53.9253,3.6593
Plagioscion_squamosissimus,-54.104,3.2974
Plagioscion_squamosissimus,-51.9463,4.3872
Plagioscion_squamosissimus,-54.1936,3.2067
Plagioscion_squamosissimus,-52.94,5.2895
Plagioscion_squamosissimus,-54.3779,4.3802
Plagioscion_squamosissimus,-52.7586,4.9283
Plagioscion_squamosissimus,-51.8556,3.8446
Plagioscion_squamosissimus,-52.7583,4.8379
Plagioscion_squamosissimus,-54.2918,5.1935
Plagioscion_squamosissimus,-52.7586,4.9283
Plagioscion_squamosissimus,-52.3965,4.2057
Plagioscion_squamosissimus,-54.0153,3.659
Plagioscion_squamosissimus,-54.4683,4.4701
Plagioscion_squamosissimus,-52.1264,4.2965
Plagioscion_squamosissimus,-54.4678,4.3798
Plagioscion_squamosissimus,-71.6733,4.6096
Plagioscion_squamosissimus,-71.7141,4.5858
Plagioscion_squamosissimus,-71.6733,4.6096
Plagioscion_squamosissimus,-71.6733,4.6096
Plagioscion_squamosissimus,-71.7141,4.5858
Plagioscion_squamosissimus,-71.7141,4.5858
Plagioscion_squamosissimus,-71.7141,4.5858
Plagioscion_squamosissimus,-71.7141,4.5858
Plagioscion_squamosissimus,-71.7141,4.5858
Plagioscion_squamosissimus,-71.7141,4.5858
Plagioscion_squamosissimus,-71.7141,4.5858
Plagioscion_squamosissimus,-71.7141,4.5858
Plagioscion_squamosissimus,-71.7141,4.5858
Plagioscion_squamosissimus,-71.7141,4.5858
Plagioscion_squamosissimus,-71.7141,4.5858
Plagioscion_squamosissimus,-71.7141,4.5858
Plagioscion_squamosissimus,-71.7141,4.5858
Plagioscion_squamosissimus,-71.7141,4.5858
Plagioscion_squamosissimus,-71.7141,4.5858
Plagioscion_squamosissimus,-71.7141,4.5858
Plagioscion_squamosissimus,-71.7141,4.5858
Plagioscion_squamosissimus,-71.7141,4.5858
Plagioscion_squamosissimus,-71.7141,4.5858
Plagioscion_squamosissimus,-71.7141,4.5858
Plagioscion_squamosissimus,-71.7141,4.5858
Plagioscion_squamosissimus,-71.7141,4.5858
Plagioscion_squamosissimus,-71.7141,4.5858
Plagioscion_squamosissimus,-71.7141,4.5858
Plagioscion_squamosissimus,-71.7141,4.5858
Plagioscion_squamosissimus,-71.7141,4.5858
Plagioscion_squamosissimus,-71.7141,4.5858
Plagioscion_squamosissimus,-71.7141,4.5858
Plagioscion_squamosissimus,-71.7141,4.5858
Plagioscion_squamosissimus,-71.7141,4.5858
Plagioscion_squamosissimus,-71.7141,4.5858
Plagioscion_squamosissimus,-71.7141,4.5858
Plagioscion_squamosissimus,-71.7141,4.5858
Plagioscion_squamosissimus,-71.7141,4.5858
Plagioscion_squamosissimus,-71.7141,4.5858
Plagioscion_squamosissimus,-71.7141,4.5858
Plagioscion_squamosissimus,-71.7141,4.5858
Plagioscion_squamosissimus,-71.7141,4.5858
Plagioscion_squamosissimus,-71.7141,4.5858
Plagioscion_squamosissimus,-71.7141,4.5858
Plagioscion_squamosissimus,-71.7141,4.5858
Plagioscion_squamosissimus,-76.91,0.1167
Plagioscion_squamosissimus,-52.1081,-1.4919
Plagioscion_squamosissimus,-58.5858,-3.2767
Plagioscion_squamosissimus,-76.91,0.1167
Plagioscion_squamosissimus,-75.4833,-1
Plagioscion_squamosissimus,-60.1389,-3.1217
Plagioscion_squamosissimus,-55.8522,-1.7975
Plagioscion_squamosissimus,-55.8164,-1.8244
Plagioscion_squamosissimus,-52.39,-1.0458
Plagioscion_squamosissimus,-52.0536,-1.4647
Plagioscion_squamosissimus,-59.3218,3.7124
Plagioscion_squamosissimus,-55.3833,-2.025
Plagioscion_squamosissimus,-60.1478,-3.1178
Plagioscion_squamosissimus,-58.6028,-3.3039
Plagioscion_squamosissimus,-73.3163,-3.7517
Plagioscion_squamosissimus,-72.5556,4.3074
Plagioscion_squamosissimus,-63.6275,6.3014
Plagioscion_squamosissimus,-58.7041,2.1931
Plagioscion_squamosissimus,-67.0323,3.9582
Plagioscion_squamosissimus,-67.7046,4.0467
Plagioscion_squamosissimus,-66.2922,4.3141
Plagioscion_squamosissimus,-66.3549,4.7503
Plagioscion_squamosissimus,-67.805,5.2106
Plagioscion_squamosissimus,-67.809,5.2071
Plagioscion_squamosissimus,-67.7744,4.3844
Plagioscion_squamosissimus,-65.8773,3.1139
Plagioscion_squamosissimus,-65.9552,2.8185
Plagioscion_squamosissimus,-65.7159,1.6034
Plagioscion_squamosissimus,-67.631,5.6564
Plagioscion_squamosissimus,-59.2933,3.8949
Plagioscion_squamosissimus,-58.6788,4.6677
Plagioscion_squamosissimus,-59.3439,3.6649
Plagioscion_squamosissimus,-67.7747,4.3842
Plagioscion_squamosissimus,-66.1795,7.6457
Plagioscion_squamosissimus,-67.7854,4.2139
Plagioscion_squamosissimus,-67.8093,5.2377
Plagioscion_squamosissimus,-72.9187,-3.2672
Plagioscion_squamosissimus,-68.7583,8.6
Plagioscion_squamosissimus,-68.6872,8.5681
Plagioscion_squamosissimus,-64.3833,-9.25
Plagioscion_squamosissimus,-74.3,-5.2
Plagioscion_squamosissimus,-75.8119,-5.4175
Plagioscion_squamosissimus,-54.45,6.4
Plagioscion_squamosissimus,-55.0398,-2.1861
Plagioscion_squamosissimus,-54.8578,-2.1915
Plagioscion_squamosissimus,-55.0398,-2.1861
Plagioscion_squamosissimus,-54.8542,-2.1878
Plagioscion_squamosissimus,-54.9599,-2.4937
Plagioscion_squamosissimus,-55.0398,-2.1861
Plagioscion_squamosissimus,-55.0402,-2.1833
Plagioscion_squamosissimus,-55.1392,-2.3278
Plagioscion_squamosissimus,-54.8946,-2.4368
Plagioscion_squamosissimus,-54.7399,-2.414
Plagioscion_squamosissimus,-48.7525,-1.4225
Plagioscion_squamosissimus,-54.7399,-2.414
Plagioscion_squamosissimus,-54.7,-2.4167
Plagioscion_squamosissimus,-66.1478,7.6445
Plagioscion_squamosissimus,-62.7,8.3833
Plagioscion_squamosissimus,-69.3426,8.0305
Plagioscion_squamosissimus,-71.8582,-3.3244
Plagioscion_squamosissimus,-76.1082,-5.8842
Plagioscion_squamosissimus,-55.8735,-1.7811
Plagioscion_squamosissimus,-60.0026,-3.1593
Plagioscion_squamosissimus,-73.2472,-3.7477
Plagioscion_squamosissimus,-73.2472,-3.7477
Plagioscion_squamosissimus,-77.3029,-3.8325
Plagioscion_squamosissimus,-48.5,-1
Plagioscion_squamosissimus,-71.8582,-3.3244
Plagioscion_squamosissimus,-49.4899,-2.2526
Plagioscion_squamosissimus,-66.8421,1.1895
Plagioscion_squamosissimus,-59.3491,3.2949
Plagioscion_squamosissimus,-75.0108,-7.3514
Plagioscion_squamosissimus,-69.9503,-4.2214
Plagioscion_squamosissimus,-74.5281,-8.3968
Plagioscion_squamosissimus,-73.0545,3.958
Plagioscion_squamosissimus,-73.0545,3.958
Plagioscion_squamosissimus,-73.0545,3.958
Plagioscion_squamosissimus,-73.0545,3.958
Plagioscion_squamosissimus,-73.0545,3.958
Plagioscion_squamosissimus,-73.0545,3.958
Plagioscion_squamosissimus,-73.0545,3.958
Plagioscion_squamosissimus,-73.2,-3.7167
Plagioscion_squamosissimus,-73.2,-3.7167
Plagioscion_squamosissimus,-73.2803,-3.7212
Plagioscion_squamosissimus,-73.0545,3.958
Plagioscion_squamosissimus,-73.0392,3.9428
Plagioscion_squamosissimus,-73.0545,3.958
Plagioscion_squamosissimus,-73.0392,3.9428
Plagioscion_squamosissimus,-73.0545,3.958
Plagioscion_squamosissimus,-61.8512,-1.3917
Plagioscion_squamosissimus,-73.0545,3.958
Plagioscion_squamosissimus,-69.2203,-12.5065
Plagioscion_squamosissimus,-71.0746,-12.2069
Plagioscion_squamosissimus,-68.9056,8.67
Plagioscion_squamosissimus,-61.8512,-1.3917
Plagioscion_squamosissimus,-67.4276,6.2166
Plagioscion_squamosissimus,-67.6167,6.3
Plagioscion_squamosissimus,-67.6132,6.2862
Plagioscion_squamosissimus,-64.8842,7.6475
Plagioscion_squamosissimus,-64.7833,7.5417
Plagioscion_squamosissimus,-65.9565,7.6675
Plagioscion_squamosissimus,-64.845,7.63
Plagioscion_squamosissimus,-67.5627,7.3333
Plagioscion_squamosissimus,-67.416,7.027
Plagioscion_squamosissimus,-66.118,7.6417
Plagioscion_squamosissimus,-66.118,7.6417
Plagioscion_squamosissimus,-59.1014,4.6667
Plagioscion_squamosissimus,-58.7153,4.7339
Plagioscion_squamosissimus,-58.965,4.7392
Plagioscion_squamosissimus,-59.1014,4.7333
Plagioscion_squamosissimus,-58.9776,-4.6744
Plagioscion_squamosissimus,-73.2833,-3.7524
Plagioscion_squamosissimus,-73.0545,3.958
Plagioscion_squamosissimus,-73.2039,-3.7225
Plagioscion_squamosissimus,-65.8772,3.1139
Plagioscion_squamosissimus,-59.2936,3.8947
Plagioscion_squamosissimus,-73.0545,3.958
Plagioscion_squamosissimus,-67.8094,5.2097
Plagioscion_squamosissimus,-73.2834,-3.7528
Plagioscion_squamosissimus,-67.7747,4.3844
Plagioscion_squamosissimus,-67.805,5.2106
Plagioscion_squamosissimus,-49.2906,-2.0394
Plagioscion_squamosissimus,-65.9111,-2.8239
Plagioscion_squamosissimus,-73.3072,-3.7517
Plagioscion_squamosissimus,-52.6861,-3.8194
Plagioscion_squamosissimus,-51.9631,-2.5253
Plagioscion_squamosissimus,-60.1222,-3.1278
Plagioscion_squamosissimus,-59.0544,-3.6494
Plagioscion_squamosissimus,-67.8089,5.2069
Plagioscion_squamosissimus,-67.9589,5.6564
Plagioscion_squamosissimus,-67.8092,5.2378
Plagioscion_squamosissimus,-52.1728,-1.9286
Plagioscion_squamosissimus,-52.7219,-3.8464
Plagioscion_squamosissimus,-52.2539,-1.7211
Plagioscion_squamosissimus,-52.7342,-3.8419
Plagioscion_squamosissimus,-52.2411,-1.6747
Plagioscion_squamosissimus,-52.2122,-1.6586
Plagioscion_squamosissimus,-52.3536,-3.6069
Plagioscion_squamosissimus,-52.2203,-1.79
Plagioscion_squamosissimus,-51.7172,-3.4078
Plagioscion_squamosissimus,-52.6783,-3.8233
Plagioscion_squamosissimus,-52.2547,-2.0342
Plagioscion_squamosissimus,-52.4461,-1.8583
Plagioscion_squamosissimus,-52.2553,-1.7297
Plagioscion_squamosissimus,-62.8141,7.3123
Plagioscion_squamosissimus,-62.8141,7.3123
Plagioscion_squamosissimus,-62.8141,7.3123
Plagioscion_squamosissimus,-62.8141,7.3123
Plagioscion_squamosissimus,-62.8141,7.3123
Plagioscion_squamosissimus,-62.8141,7.3123
Plagioscion_squamosissimus,-62.8141,7.3123
Plagioscion_squamosissimus,-62.8141,7.3123
Plagioscion_squamosissimus,-67.8,7.0667
Plagioscion_squamosissimus,-55.4224,-1.9827
Plagioscion_squamosissimus,-54.5893,-2.4205
Plagioscion_squamosissimus,-50.267,1.317
Plagioscion_squamosissimus,-48.4917,-1.4583
Plagioscion_squamosissimus,-48.4917,-1.4583
Plagioscion_squamosissimus,-48.4917,-1.4583
Plagioscion_squamosissimus,-48.4917,-1.4583
Plagioscion_squamosissimus,-50.425,-1.8417
Plagioscion_squamosissimus,-50.425,-1.8417
Plagioscion_squamosissimus,-60.0917,-3.2083
Plagioscion_squamosissimus,-69.7417,-4.2417
Plagioscion_squamosissimus,-55.5083,-1.875
Plagioscion_squamosissimus,-55.5083,-1.875
Plagioscion_squamosissimus,-61.5083,-3.1083
Plagioscion_squamosissimus,-59.8917,-3.0917
Plagioscion_squamosissimus,-48.4917,-1.4583
Plagioscion_squamosissimus,-62.7083,8.375
Plagioscion_squamosissimus,-60.1712,-3.0683
Plagioscion_squamosissimus,-48.7525,-1.4225
Plagioscion_squamosissimus,-49.5083,-2.2417
Plagioscion_squamosissimus,-64.7917,-3.4083
Plagioscion_squamosissimus,-59.8917,-3.0917
Plagioscion_squamosissimus,-48.5014,-1.2566
Plagioscion_squamosissimus,-48.5014,-1.2566
Plagioscion_squamosissimus,-48.5014,-1.2566
Plagioscion_squamosissimus,-48.5014,-1.2566
Plagioscion_squamosissimus,-48.5014,-1.2566
Plagioscion_squamosissimus,-48.5014,-1.2566
Plagioscion_squamosissimus,-48.5014,-1.2566
Plagioscion_squamosissimus,-48.5014,-1.2566
Plagioscion_squamosissimus,-48.5014,-1.2566
Plagioscion_squamosissimus,-69.5489,7.4124
Plagioscion_squamosissimus,-59.3427,3.6646
Plagioscion_squamosissimus,-67.7854,4.2139
Plagioscion_squamosissimus,-67.7747,4.3842
Plagioscion_squamosissimus,-58.675,4.6639
Plagioscion_squamosissimus,-55.1272,4.9223
Plagioscion_squamosissimus,-54.4403,4.9908
Plagioscion_squamosissimus,-67.8095,5.2095
Plagioscion_squamosissimus,-67.8093,5.2377
Plagioscion_squamosissimus,-58.0865,5.2494
Plagioscion_squamosissimus,-58.9045,5.3022
Plagioscion_squamosissimus,-54.6703,5.4005
Plagioscion_squamosissimus,-57.9259,5.5207
Plagioscion_squamosissimus,-58.1775,6.8222
Plagioscion_squamosissimus,-59.55,7.5167
Plagioscion_squamosissimus,-59.55,7.5167
Plagioscion_squamosissimus,-59.3,7.6333
Plagioscion_squamosissimus,-66.1795,7.6457
Plagioscion_squamosissimus,-59.2333,7.65
Plagioscion_squamosissimus,-59.2333,7.6667
Plagioscion_squamosissimus,-59.2333,7.6833
Plagioscion_squamosissimus,-61.9333,8.8167
Plagioscion_squamosissimus,-60.2575,6.8906
Plagioscion_squamosissimus,-48.4933,-1.435
Plagioscion_squamosissimus,-60.1383,6.8564
Plagioscion_squamosissimus,-61.2867,8.4733
Plagioscion_squamosissimus,-62.7006,8.3744
Plagioscion_squamosissimus,-59.7987,6.8098
Plagioscion_squamosissimus,-60.2575,6.8906
Plagioscion_squamosissimus,-62.1867,8.695
Plagioscion_squamosissimus,-62.2633,8.57
Plagioscion_squamosissimus,-65.9478,8.3119
Plagioscion_squamosissimus,-71.7833,-2.0333
Plagioscion_squamosissimus,-73.9461,0.3475
Plagioscion_squamosissimus,-71.7369,-2.1333
Plagioscion_squamosissimus,-73.9167,2.75
Plagioscion_squamosissimus,-72.1167,-2.0886
Plagioscion_squamosissimus,-74.6833,0
Plagioscion_squamosissimus,-69.95,-4.15
Plagioscion_squamosissimus,-74.3667,0.1
Plagioscion_squamosissimus,-72.3833,-0.6
Plagioscion_squamosissimus,-72.4506,-0.5944
Plagioscion_squamosissimus,-72.2306,-0.3869
Plagioscion_squamosissimus,-72.5897,-0.6728
Plagioscion_squamosissimus,-73.9461,0.3475
Plagioscion_squamosissimus,-69.95,-4.15
Plagioscion_squamosissimus,-72.9553,4.085
Plagioscion_squamosissimus,-72.2667,-0.6142
Plagioscion_squamosissimus,-51.7,-1.45
Plagioscion_squamosissimus,-64.6167,-2.4833
Plagioscion_squamosissimus,-52.5333,-3.8
Plagioscion_squamosissimus,-48.6167,-1.5
Plagioscion_squamosissimus,-51.9714,-15.8675
Plagioscion_squamosissimus,-51.85,-15.7167
Plagioscion_squamosissimus,-50.8,-13.6667
Plagioscion_squamosissimus,-72.6667,-9.3
Plagioscion_squamosissimus,-62.8833,-8.05
Plagioscion_squamosissimus,-64.3833,-3
Plagioscion_squamosissimus,-48.6833,-1.45
Plagioscion_squamosissimus,-46.6333,-14.1
Plagioscion_squamosissimus,-72.75,-8.9333
Plagioscion_squamosissimus,-49.15,-0.6667
Plagioscion_squamosissimus,-62.8833,-8.05
Plagioscion_squamosissimus,-59.4219,-9.5792
Plagioscion_squamosissimus,-62.9,-8.0667
Plagioscion_squamosissimus,-60.75,-2.7
Plagioscion_squamosissimus,-60.75,-2.7
Plagioscion_squamosissimus,-60.75,-2.7
Plagioscion_squamosissimus,-47.4511,-6.5606
Plagioscion_squamosissimus,-62.8833,-8.05
Plagioscion_squamosissimus,-55.9214,-2.0108
Plagioscion_squamosissimus,-49.15,-0.6667
Plagioscion_squamosissimus,-64.7167,-3.3667
Plagioscion_squamosissimus,-46.8833,-13.75
Plagioscion_squamosissimus,-47.3667,-13.2667
Plagioscion_squamosissimus,-62.8833,-8.05
Plagioscion_squamosissimus,-60.75,-2.7
Plagioscion_squamosissimus,-61.8333,-1.1667
Plagioscion_squamosissimus,-55.8667,-1.7667
Plagioscion_squamosissimus,-61.4667,-3.7
Plagioscion_squamosissimus,-51,-14.3667
Plagioscion_squamosissimus,-56.85,-1.3333
Plagioscion_squamosissimus,-60,-3.1667
Plagioscion_squamosissimus,-60.2833,-3.4167
Plagioscion_squamosissimus,-46.85,-13.6
Plagioscion_squamosissimus,-64.6667,-7.15
Plagioscion_squamosissimus,-66.7667,-2.7333
Plagioscion_squamosissimus,-48.6167,-1.5
Plagioscion_squamosissimus,-48.0833,-1.55
Plagioscion_squamosissimus,-67.95,-3.1333
Plagioscion_squamosissimus,-62.3667,-4.7167
Plagioscion_squamosissimus,-49.1167,-5.3667
Plagioscion_squamosissimus,-57.4,-11.5333
Plagioscion_squamosissimus,-51.18,0.8583
Plagioscion_squamosissimus,-50.5333,-5.8667
Plagioscion_squamosissimus,-55.8,-1.8333
Plagioscion_squamosissimus,-50.5333,-5.8667
Plagioscion_squamosissimus,-55.8667,-1.7667
Plagioscion_squamosissimus,-56.25,-4.45
Plagioscion_squamosissimus,-51.18,0.8583
Plagioscion_squamosissimus,-51.18,0.8583
Plagioscion_squamosissimus,-70.7667,-8.1667
Plagioscion_squamosissimus,-61,1.9333
Plagioscion_squamosissimus,-48.6167,-1.5
Plagioscion_squamosissimus,-51.7,-3.1167
Plagioscion_squamosissimus,-55.8667,-1.7667
Plagioscion_squamosissimus,-50.5333,-5.8667
Plagioscion_squamosissimus,-49.1167,-7.8333
Plagioscion_squamosissimus,-66.8,-2.9333
Plagioscion_squamosissimus,-48.6167,-1.5
Plagioscion_squamosissimus,-49.7953,-1.8136
Plagioscion_squamosissimus,-47.75,-2.0333
Plagioscion_squamosissimus,-49.7953,-1.8136
Plagioscion_squamosissimus,-64.7167,-3.2667
Plagioscion_squamosissimus,-71.0167,-9.3567
Plagioscion_squamosissimus,-71.6639,-9.5231
Plagioscion_squamosissimus,-73.6611,-7.4317
Plagioscion_squamosissimus,-72.7917,-8.9411
Plagioscion_squamosissimus,-46.6641,-0.9679
Plagioscion_squamosissimus,-48.5111,-1.4139
Plagioscion_squamosissimus,-48.3814,-1.4661
Plagioscion_squamosissimus,-48.3628,-9.7547
Plagioscion_squamosissimus,-48.3619,-9.7442
Plagioscion_squamosissimus,-48.3619,-9.7442
Plagioscion_squamosissimus,-48.3858,-12.24
Plagioscion_squamosissimus,-48.4042,-9.7756
Plagioscion_squamosissimus,-48.535,-10.9961
Plagioscion_squamosissimus,-48.4167,-10.3833
Plagioscion_squamosissimus,-48.4083,-10.3667
Plagioscion_squamosissimus,-48.4083,-10.3667
Plagioscion_squamosissimus,-48.2158,-12.5097
Plagioscion_squamosissimus,-48.6444,-11.8222
Plagioscion_squamosissimus,-48.4578,-11.3153
Plagioscion_squamosissimus,-48.6444,-11.8222
Plagioscion_squamosissimus,-48.4578,-11.3153
Plagioscion_squamosissimus,-48.6444,-11.8222
Plagioscion_squamosissimus,-48.6444,-11.8222
Plagioscion_squamosissimus,-48.4578,-11.3153
Plagioscion_squamosissimus,-48.6444,-11.8222
Plagioscion_squamosissimus,-48.535,-10.9961
Plagioscion_squamosissimus,-48.2464,-12.4669
Plagioscion_squamosissimus,-48.2464,-12.4669
Plagioscion_squamosissimus,-48.2281,-12.5225
Plagioscion_squamosissimus,-48.2158,-12.5097
Plagioscion_squamosissimus,-48.535,-10.9961
Plagioscion_squamosissimus,-48.2158,-12.5097
Plagioscion_squamosissimus,-48.535,-10.9961
Plagioscion_squamosissimus,-48.4206,-10.7208
Plagioscion_squamosissimus,-48.2464,-12.4669
Plagioscion_squamosissimus,-47.4253,-6.5003
Plagioscion_squamosissimus,-48.4578,-11.3153
Plagioscion_squamosissimus,-48.4578,-11.3153
Plagioscion_squamosissimus,-48.3656,-9.7506
Plagioscion_squamosissimus,-48.3656,-9.7506
Plagioscion_squamosissimus,-48.2158,-12.5097
Plagioscion_squamosissimus,-48.2281,-12.5225
Plagioscion_squamosissimus,-48.4206,-10.7208
Plagioscion_squamosissimus,-47.4744,-5.6864
Plagioscion_squamosissimus,-49.0294,-14.5356
Plagioscion_squamosissimus,-48.4992,-14.0492
Plagioscion_squamosissimus,-48.3656,-9.7506
Plagioscion_squamosissimus,-48.3833,-12.25
Plagioscion_squamosissimus,-48.3833,-12.25
Plagioscion_squamosissimus,-47.4961,-5.7158
Plagioscion_squamosissimus,-48.6444,-11.8222
Plagioscion_squamosissimus,-48.4206,-10.7208
Plagioscion_squamosissimus,-48.2281,-12.5225
Plagioscion_squamosissimus,-48.2464,-12.4669
Plagioscion_squamosissimus,-48.2158,-12.5097
Plagioscion_squamosissimus,-48.2158,-12.5097
Plagioscion_squamosissimus,-48.2158,-12.5097
Plagioscion_squamosissimus,-48.2158,-12.5097
Plagioscion_squamosissimus,-48.2464,-12.4669
Plagioscion_squamosissimus,-48.2458,-12.8153
Plagioscion_squamosissimus,-47.5697,-6.3636
Plagioscion_squamosissimus,-47.6933,-7.6831
Plagioscion_squamosissimus,-69.9503,-4.2214
Plagioscion_squamosissimus,-74.5281,-8.3968
Plagioscion_squamosissimus,-73.0545,3.958
Plagioscion_squamosissimus,-73.0545,3.958
Plagioscion_squamosissimus,-73.0545,3.958
Plagioscion_squamosissimus,-69.2203,-12.5065
Plagioscion_squamosissimus,-71.0746,-12.2069
Plagioscion_squamosissimus,-61.9833,8.6669
Plagioscion_squamosissimus,-67.6167,6.3
Plagioscion_squamosissimus,-64.9631,7.5583
Plagioscion_squamosissimus,-66.118,7.6413
Plagioscion_squamosissimus,-59.1014,4.688
Plagioscion_squamosissimus,-73.0545,3.958
Plagioscion_squamosissimus,-58.4746,4.1384
Plagioscion_squamosissimus,-59.1014,4.688
Plagioscion_squamosissimus,-59.1014,4.688
Plagioscion_squamosissimus,-58.9776,4.2982
Plagioscion_squamosissimus,-73.2833,-3.7524
Plagioscion_squamosissimus,-73.0545,3.958
Plagioscion_squamosissimus,-73.1772,-3.7611
Plagioscion_squamosissimus,-65.8775,3.1126
Plagioscion_squamosissimus,-59.2932,3.898
Plagioscion_squamosissimus,-67.7988,5.2009
Plagioscion_squamosissimus,-73.0545,3.958
Plagioscion_squamosissimus,-73.2834,-3.753
Plagioscion_squamosissimus,-67.7747,4.3842
Plagioscion_squamosissimus,-73.3073,-3.7517
Plagioscion_squamosissimus,-51.9632,-2.5255
Plagioscion_squamosissimus,-52.667,-3.8196
Plagioscion_squamosissimus,-52.254,-1.7322
Plagioscion_squamosissimus,-60.1172,-3.1279
Plagioscion_squamosissimus,-59.0545,-3.6494
Plagioscion_squamosissimus,-67.8093,5.2378
Plagioscion_squamosissimus,-52.7342,-3.8424
Plagioscion_squamosissimus,-67.6311,5.6564
Plagioscion_squamosissimus,-73.0545,3.958
Plagioscion_squamosissimus,-52.1728,-1.9287
Plagioscion_squamosissimus,-52.7221,-3.8465
Plagioscion_squamosissimus,-52.4462,-1.8584
Plagioscion_squamosissimus,-52.3537,-3.6072
Plagioscion_squamosissimus,-52.2412,-1.6748
Plagioscion_squamosissimus,-52.2124,-1.6587
Plagioscion_squamosissimus,-52.2203,-1.7903
Plagioscion_squamosissimus,-51.7175,-3.408
Plagioscion_squamosissimus,-52.6786,-3.8235
Plagioscion_squamosissimus,-52.2605,-2.0344
Plagioscion_squamosissimus,-67.8089,5.2069
Plagioscion_squamosissimus,-52.2553,-1.7296
Plagioscion_squamosissimus,-67.805,5.2106
Plagioscion_squamosissimus,-52.6775,-3.8234
Plagioscion_squamosissimus,-66.9111,-2.8239
Plagioscion_squamosissimus,-49.2906,-2.0394
Plagioscion_squamosissimus,-59.3491,3.2949
Plagioscion_squamosissimus,-75.0108,-7.3514
Plagioscion_squamosissimus,-73.0545,3.958
Plagioscion_squamosissimus,-73.0545,3.958
Plagioscion_squamosissimus,-73.0545,3.958
Plagioscion_squamosissimus,-73.2,-3.7167
Plagioscion_squamosissimus,-73.2,-3.7167
Plagioscion_squamosissimus,-73.2803,-3.7212
Plagioscion_squamosissimus,-73.0545,3.958
Plagioscion_squamosissimus,-73.0392,3.9428
Plagioscion_squamosissimus,-73.0545,3.958
Plagioscion_squamosissimus,-73.0392,3.9428
Plagioscion_squamosissimus,-73.0545,3.958
Plagioscion_squamosissimus,-61.8512,-1.3917
Plagioscion_squamosissimus,-61.8512,-1.3917
Plagioscion_squamosissimus,-67.4276,6.2166
Plagioscion_squamosissimus,-67.6132,6.2862
Plagioscion_squamosissimus,-64.8842,7.6475
Plagioscion_squamosissimus,-64.7833,7.5338
Plagioscion_squamosissimus,-65.9565,7.6675
Plagioscion_squamosissimus,-67.5627,7.3114
Plagioscion_squamosissimus,-67.416,7.027
Plagioscion_squamosissimus,-66.118,7.6413
Plagioscion_squamosissimus,-61.3731,-3.8983
Plagioscion_squamosissimus,-61.3731,-3.8983
Plagioscion_squamosissimus,-61.3731,-3.8983
Plagioscion_squamosissimus,-61.3731,-3.8983
Plagioscion_squamosissimus,-61.3731,-3.8983
Plagioscion_squamosissimus,-60.9442,-2.6214
Plagioscion_squamosissimus,-60.9442,-2.6214
Plagioscion_squamosissimus,-49.4958,-2.2444
Plagioscion_squamosissimus,-63.9039,-8.7619
Plagioscion_squamosissimus,-61.9517,-10.8853
Plagioscion_squamosissimus,-55.8661,-1.7656
Plagioscion_squamosissimus,-60.1861,-3.2847
Plagioscion_squamosissimus,-61.9517,-10.8853
Plagioscion_squamosissimus,-65.3394,-10.7828
Plagioscion_squamosissimus,-60.025,-2.0344
Plagioscion_squamosissimus,-60.025,-2.0344
Plagioscion_squamosissimus,-60.025,-2.0344
Plagioscion_squamosissimus,-60.025,-2.0344
Plagioscion_squamosissimus,-49.6725,-3.7661
Plagioscion_squamosissimus,-63.6956,-8.8097
Plagioscion_squamosissimus,-60.025,-2.0344
Plagioscion_squamosissimus,-49.6725,-3.7661
Plagioscion_squamosissimus,-60.9442,-2.6214
Plagioscion_squamosissimus,-60.9442,-2.6214
Plagioscion_squamosissimus,-60.9442,-2.6214
Plagioscion_squamosissimus,-54.0692,-2.0078
Plagioscion_squamosissimus,-54.0692,-2.0078
Plagioscion_squamosissimus,-60.3692,-3.7681
Plagioscion_squamosissimus,-54.0692,-2.0078
Plagioscion_squamosissimus,-54.0692,-2.0078
Plagioscion_squamosissimus,-60.025,-2.0344
Plagioscion_squamosissimus,-60.025,-2.0344
Plagioscion_squamosissimus,-60.9442,-2.6214
Plagioscion_squamosissimus,-49.3267,-5.1347
Plagioscion_squamosissimus,-49.3267,-5.1347
Plagioscion_squamosissimus,-49.6725,-3.7661
Plagioscion_squamosissimus,-60.025,-2.0344
Plagioscion_squamosissimus,-60.025,-2.0344
Plagioscion_squamosissimus,-60.025,-3.1019
Plagioscion_squamosissimus,-60.025,-2.0344
Plagioscion_squamosissimus,-60.1861,-3.2847
Plagioscion_squamosissimus,-70.0311,-4.3831
Plagioscion_squamosissimus,-60.3692,-3.7681
Plagioscion_squamosissimus,-60.025,-2.0344
Plagioscion_squamosissimus,-49.8783,-6.4969
Plagioscion_squamosissimus,-60.9442,-2.6214
Plagioscion_squamosissimus,-60.025,-3.1019
Plagioscion_squamosissimus,-60.025,-2.0344
Plagioscion_squamosissimus,-60.025,-2.0344
Plagioscion_squamosissimus,-60.025,-2.0344
Plagioscion_squamosissimus,-63.1414,-4.085
Plagioscion_squamosissimus,-60.025,-2.0344
Plagioscion_squamosissimus,-66.8958,-4.8828
Plagioscion_squamosissimus,-66.8958,-4.8828
Plagioscion_squamosissimus,-60.9442,-2.6214
Plagioscion_squamosissimus,-60.9442,-2.6214
Plagioscion_squamosissimus,-52.2064,-3.2033
Plagioscion_squamosissimus,-60.3797,-5.1206
Plagioscion_squamosissimus,-67.0892,-0.1303
Plagioscion_squamosissimus,-67.0892,-0.1303
Plagioscion_squamosissimus,-67.0892,-0.1303
Plagioscion_squamosissimus,-63.1833,-5.6283
Plagioscion_squamosissimus,-55.8661,-1.7656
Plagioscion_squamosissimus,-55.8661,-1.7656
Plagioscion_squamosissimus,-55.8661,-1.7656
Plagioscion_squamosissimus,-55.8661,-1.7656
Plagioscion_squamosissimus,-59.8914,-7.1972
Plagioscion_squamosissimus,-57.7186,-3.3836
Plagioscion_squamosissimus,-57.7186,-3.3836
Plagioscion_squamosissimus,-57.7186,-3.3836
Plagioscion_squamosissimus,-57.7186,-3.3836
Plagioscion_squamosissimus,-57.7186,-3.3836
Plagioscion_squamosissimus,-57.7186,-3.3836
Plagioscion_squamosissimus,-57.7186,-3.3836
Plagioscion_squamosissimus,-60.025,-2.0344
Plagioscion_squamosissimus,-61.1281,1.8161
Plagioscion_squamosissimus,-61.1281,1.8161
Plagioscion_squamosissimus,-61.1281,1.8161
Plagioscion_squamosissimus,-61.1281,1.8161
Plagioscion_squamosissimus,-60.1861,-3.2847
Plagioscion_squamosissimus,-60.025,-3.1019
Plagioscion_squamosissimus,-60.025,-3.1019
Plagioscion_squamosissimus,-57.8708,-2.5719
Plagioscion_squamosissimus,-60.025,-3.1019
Plagioscion_squamosissimus,-60.025,-3.1019
Plagioscion_squamosissimus,-57.8708,-2.5719
Plagioscion_squamosissimus,-65.0192,-0.4139
Plagioscion_squamosissimus,-63.1414,-4.085
Plagioscion_squamosissimus,-61.3003,-5.8092
Plagioscion_squamosissimus,-63.0208,-7.5061
Plagioscion_squamosissimus,-65.0192,-0.4139
Plagioscion_squamosissimus,-52.2064,-3.2033
Plagioscion_squamosissimus,-52.2383,-1.7483
Plagioscion_squamosissimus,-51.1978,-3.4722
Plagioscion_squamosissimus,-51.1978,-3.4722
Plagioscion_squamosissimus,-55.3317,-3.6056
Plagioscion_squamosissimus,-55.3317,-3.6056
Plagioscion_squamosissimus,-55.3317,-3.6056
Plagioscion_squamosissimus,-55.3317,-3.6056
Plagioscion_squamosissimus,-63.1833,-5.6283
Plagioscion_squamosissimus,-63.1833,-5.6283
Plagioscion_squamosissimus,-63.1833,-5.6283
Plagioscion_squamosissimus,-63.1833,-5.6283
Plagioscion_squamosissimus,-67.0892,-0.1303
Plagioscion_squamosissimus,-52.2383,-1.7483
Plagioscion_squamosissimus,-52.2383,-1.7483
Plagioscion_squamosissimus,-52.2383,-1.7483
Plagioscion_squamosissimus,-60.4594,-3.4281
Plagioscion_squamosissimus,-67.0892,-0.1303
Plagioscion_squamosissimus,-60.025,-2.0344
Plagioscion_squamosissimus,-60.025,-2.0344
Plagioscion_squamosissimus,-60.4594,-3.4281
Plagioscion_squamosissimus,-48.5044,-1.4558
Plagioscion_squamosissimus,-60.4594,-3.4281
Plagioscion_squamosissimus,-65.0192,-0.4139
Plagioscion_squamosissimus,-65.0192,-0.4139
Plagioscion_squamosissimus,-55.3317,-3.6056
Plagioscion_squamosissimus,-60.9,2.43
Plagioscion_squamosissimus,-61.3731,-3.8983
Plagioscion_squamosissimus,-61.3731,-3.8983
Plagioscion_squamosissimus,-55.5181,-1.9175
Plagioscion_squamosissimus,-60.1861,-3.2847
Plagioscion_squamosissimus,-63.1414,-4.085
Plagioscion_squamosissimus,-61.3731,-3.8983
Plagioscion_squamosissimus,-60.9442,-2.6214
Plagioscion_squamosissimus,-52.2064,-3.2033
Plagioscion_squamosissimus,-48.5044,-1.4558
Plagioscion_squamosissimus,-52.0123,-2.8208
Plagioscion_squamosissimus,-52.4383,-3.6689
Plagioscion_squamosissimus,-52.7339,-3.844
Plagioscion_squamosissimus,-52.2196,-3.4153
Plagioscion_squamosissimus,-52.2196,-3.4153
Plagioscion_squamosissimus,-51.9108,-3.578
Plagioscion_squamosissimus,-52.4383,-3.6689
Plagioscion_squamosissimus,-61.6599,-9.0095
Plagioscion_squamosissimus,-62.3651,-8.6953
Plagioscion_squamosissimus,-61.6599,-9.0095
Plagioscion_squamosissimus,-62.2019,-8.8372
Plagioscion_squamosissimus,-62.2019,-8.8372
Plagioscion_squamosissimus,-56.9833,-10.3328
Plagioscion_squamosissimus,-56.9833,-10.3328
Plagioscion_squamosissimus,-56.9803,-10.3322
Plagioscion_squamosissimus,-56.9856,-10.3261
Plagioscion_squamosissimus,-56.9839,10.3306
Plagioscion_squamosissimus,-59.0061,-3.2289
Plagioscion_squamosissimus,-59.0103,-3.2272
Plagioscion_squamosissimus,-56.9839,10.3306
Plagioscion_squamosissimus,-48.4933,-1.435
Plagioscion_squamosissimus,-69,-9.33
Plagioscion_squamosissimus,-50.7975,-15.0256
Plagioscion_squamosissimus,-55.9833,-4.2667
Plagioscion_squamosissimus,-50.5833,-13.2333
Plagioscion_squamosissimus,-54.7333,-2.4167
Plagioscion_squamosissimus,-60.0839,-3.1153
Plagioscion_squamosissimus,-58.9661,-3.5919
Plagioscion_squamosissimus,-60.0839,-3.1153
Plagioscion_squamosissimus,-55.9081,-2.0261
Plagioscion_squamosissimus,-59.0758,-3.6667
Plagioscion_squamosissimus,-61.4436,-3.7381
Plagioscion_squamosissimus,-55.9828,-1.6308
Plagioscion_squamosissimus,-52.2078,-1.6103
Plagioscion_squamosissimus,-51.3056,-1.2056
Plagioscion_squamosissimus,-53.9628,-2.0314
Plagioscion_squamosissimus,-54.0036,-2.0936
Plagioscion_squamosissimus,-58.8617,-3.3233
Plagioscion_squamosissimus,-54.8447,-2.3992
Plagioscion_squamosissimus,-49.3778,-2.13
Plagioscion_squamosissimus,-51.3006,-1.2033
Plagioscion_squamosissimus,-59.7556,-3.0936
Plagioscion_squamosissimus,-55.1467,-2.6781
Plagioscion_squamosissimus,-56.1556,-1.5203
Plagioscion_squamosissimus,-66.9864,-2.8808
Plagioscion_squamosissimus,-49.2936,-2.0433
Plagioscion_squamosissimus,-55.8347,-1.8061
Plagioscion_squamosissimus,-66.9864,-2.8808
Plagioscion_squamosissimus,-58.865,-3.3256
Plagioscion_squamosissimus,-64.9914,-3.7803
Plagioscion_squamosissimus,-64.7725,-3.2994
Plagioscion_squamosissimus,-64.7969,-3.1103
Plagioscion_squamosissimus,-67.9875,-10.0572
Plagioscion_squamosissimus,-65.3494,-10.7842
Plagioscion_squamosissimus,-55.1495,2.6343
Plagioscion_squamosissimus,-54.8946,-2.4368
Plagioscion_squamosissimus,-54.8578,-2.1915
Plagioscion_squamosissimus,-55.1392,-2.3278
Plagioscion_squamosissimus,-54.8578,-2.1915
Plagioscion_squamosissimus,-54.7376,-2.3934
Plagioscion_squamosissimus,-55.5779,-2.6316
Plagioscion_squamosissimus,-55.4727,-2.5921
Plagioscion_squamosissimus,-54.8792,-2.1819
Plagioscion_squamosissimus,-55.5778,-2.6311
Plagioscion_squamosissimus,-63.925,-8.7831
Plagioscion_squamosissimus,-55.4097,-2.0429
Plagioscion_squamosissimus,-54.8036,-2.2353
Plagioscion_squamosissimus,-54.8036,-2.2353
Plagioscion_squamosissimus,-54.0766,-2.2377
Plagioscion_squamosissimus,-54.9106,-2.3596
Plagioscion_squamosissimus,-54.8019,-2.2461
Plagioscion_squamosissimus,-54.8036,-2.2353
Plagioscion_squamosissimus,-48.4917,-1.4583
Plagioscion_squamosissimus,-48.4917,-1.4583
Plagioscion_squamosissimus,-50.425,-1.8417
Plagioscion_squamosissimus,-50.425,-1.8417
Plagioscion_squamosissimus,-60.0917,-3.2083
Plagioscion_squamosissimus,-64.7917,-3.4083
Plagioscion_squamosissimus,-69.7417,-4.2417
Plagioscion_squamosissimus,-55.5083,-1.875
Plagioscion_squamosissimus,-55.5083,-1.875
Plagioscion_squamosissimus,-61.5083,-3.1083
Plagioscion_squamosissimus,-59.8917,-3.0917
Plagioscion_squamosissimus,-59.8917,-3.0917
Plagioscion_squamosissimus,-48.7525,-1.4225
Plagioscion_squamosissimus,-49.5083,-2.2417
Plagioscion_squamosissimus,-48.4917,-1.4583
Plagioscion_squamosissimus,-48.4917,-1.4583
Plagioscion_squamosissimus,-60.1712,-3.0683
Plagioscion_squamosissimus,-48.4917,-1.4583
Plagioscion_squamosissimus,-47.4164,-6.3294
Plagioscion_squamosissimus,-63.1522,-4.0808
Plagioscion_squamosissimus,-63.5348,8.1117
Plagioscion_squamosissimus,-47.0203,-14.3933
Plagioscion_squamosissimus,-47.0367,-14.3917
Plagioscion_squamosissimus,-49.9022,-6.0675
Plagioscion_squamosissimus,-60.5333,-3.0333
Plagioscion_squamosissimus,-55.0397,-2.1861
Plagioscion_squamosissimus,-54.8542,-2.1878
Plagioscion_squamosissimus,-54.96,-2.4936
Plagioscion_squamosissimus,-54.8019,-2.2461
Plagioscion_squamosissimus,-55.0767,-2.2378
Plagioscion_squamosissimus,-55.4097,-2.0431
Plagioscion_squamosissimus,-55.2583,-2.1469
Plagioscion_squamosissimus,-55.2292,-3.1011
Plagioscion_squamosissimus,-54.9106,-2.3594
Plagioscion_squamosissimus,-54.8708,-2.1806
Plagioscion_squamosissimus,-70.2289,-4.3531
Plagioscion_squamosissimus,-59.5746,-0.8878
Plagioscion_squamosissimus,-59.8216,-1.5221
Plagioscion_squamosissimus,-59.8216,-1.5221
Plagioscion_squamosissimus,-55.9833,-4.2667
Plagioscion_squamosissimus,-50.5833,-13.2333
Plagioscion_squamosissimus,-54.7333,-2.4167
Plagioscion_squamosissimus,-60.0839,-3.1153
Plagioscion_squamosissimus,-58.9661,-3.5919
Plagioscion_squamosissimus,-60.0839,-3.1153
Plagioscion_squamosissimus,-55.9081,-2.0261
Plagioscion_squamosissimus,-59.0758,-3.6667
Plagioscion_squamosissimus,-61.4436,-3.7381
Plagioscion_squamosissimus,-55.9828,-1.6308
Plagioscion_squamosissimus,-52.2078,-1.6103
Plagioscion_squamosissimus,-51.3056,-1.2056
Plagioscion_squamosissimus,-53.9628,-2.0314
Plagioscion_squamosissimus,-54.0036,-2.0936
Plagioscion_squamosissimus,-58.8617,-3.3233
Plagioscion_squamosissimus,-54.8447,-2.3992
Plagioscion_squamosissimus,-49.3778,-2.13
Plagioscion_squamosissimus,-51.3006,-1.2033
Plagioscion_squamosissimus,-59.7556,-3.0936
Plagioscion_squamosissimus,-55.1467,-2.6781
Plagioscion_squamosissimus,-56.1556,-1.5203
Plagioscion_squamosissimus,-66.9864,-2.8808
Plagioscion_squamosissimus,-49.2936,-2.0433
Plagioscion_squamosissimus,-55.8347,-1.8061
Plagioscion_squamosissimus,-66.9864,-2.8808
Plagioscion_squamosissimus,-58.865,-3.3256
Plagioscion_squamosissimus,-64.9914,-3.7803
Plagioscion_squamosissimus,-64.7725,-3.2994
Plagioscion_squamosissimus,-64.7969,-3.1103
Plagioscion_squamosissimus,-67.9875,-10.0572
Plagioscion_squamosissimus,-50.7975,-15.0256
Plagioscion_squamosissimus,-65.3494,-10.7842
Plagioscion_squamosissimus,-55.1494,-2.6342
Plagioscion_squamosissimus,-54.8947,-2.4367
Plagioscion_squamosissimus,-54.8578,-2.1914
Plagioscion_squamosissimus,-55.1392,-2.3278
Plagioscion_squamosissimus,-54.8578,-2.1914
Plagioscion_squamosissimus,-60.0167,-3.1
Plagioscion_squamosissimus,-59.2333,7.65
Plagioscion_squamosissimus,-59.2333,7.65
Plagioscion_squamosissimus,-59.55,7.5167
Plagioscion_squamosissimus,-59.2333,7.6833
Plagioscion_squamosissimus,-59.2333,7.6667
Plagioscion_squamosissimus,-62.0369,-6.4311
Plagioscion_squamosissimus,-48.8647,-1.5489
Plagioscion_squamosissimus,-59.8866,-7.2001
Plagioscion_squamosissimus,-58.0235,-2.7454
Plagioscion_squamosissimus,-52.2038,-3.2103
Plagioscion_squamosissimus,-47.4533,-0.7675
Plagioscion_squamosissimus,-47.3872,-6.5139
Plagioscion_squamosissimus,-65.3343,-10.8032
Plagioscion_squamosissimus,-60.3887,-5.1486
Plagioscion_squamosissimus,-60.3887,-5.1486
Plagioscion_squamosissimus,-65.3343,-10.8032
Plagioscion_squamosissimus,-57.8245,-6.2066
Plagioscion_squamosissimus,-55.9897,-4.2691
Plagioscion_squamosissimus,-57.8245,-6.2066
Plagioscion_squamosissimus,-63.0272,-7.5062
Plagioscion_squamosissimus,-63.0272,-7.5062
Plagioscion_squamosissimus,-63.0272,-7.5062
Plagioscion_squamosissimus,-57.7156,-3.389
Plagioscion_squamosissimus,-57.7156,-3.389
Plagioscion_squamosissimus,-57.7156,-3.389
Plagioscion_squamosissimus,-57.7156,-3.389
Plagioscion_squamosissimus,-57.7156,-3.389
Plagioscion_squamosissimus,-57.7156,-3.389
Plagioscion_squamosissimus,-57.7156,-3.389
Plagioscion_squamosissimus,-66.9001,-4.8791
Plagioscion_squamosissimus,-48.4352,-1.0781
Plagioscion_squamosissimus,-48.6089,-1.1778
Plagioscion_squamosissimus,-60.1861,-3.0407
Plagioscion_squamosissimus,-54.7988,-2.4067
Plagioscion_squamosissimus,-51.277,0.8662
Plagioscion_squamosissimus,-64.5813,-6.8485
Plagioscion_squamosissimus,-57.0128,-9.2217
Plagioscion_squamosissimus,-51.277,0.8662
Plagioscion_squamosissimus,-55.1232,-2.3312
Plagioscion_squamosissimus,-54.7059,-2.3907
Plagioscion_squamosissimus,-54.7059,-2.3907
Plagioscion_squamosissimus,-48.4352,-1.0781
Plagioscion_squamosissimus,-63.1678,-4.0867
Plagioscion_squamosissimus,-55.8628,-1.7608
Plagioscion_squamosissimus,-69.8674,-6.663
Plagioscion_squamosissimus,-56.7189,-2.2049
Plagioscion_squamosissimus,-51.277,0.8662
Plagioscion_squamosissimus,-59.8789,-3.2178
Plagioscion_squamosissimus,-48.1565,-0.9142
Plagioscion_squamosissimus,-51.277,0.8662
Plagioscion_squamosissimus,-51.277,0.8662
Plagioscion_squamosissimus,-62.9941,-4.9973
Plagioscion_squamosissimus,-57.3835,-6.3032
Plagioscion_squamosissimus,-60.5892,-3.3442
Plagioscion_squamosissimus,-49.5281,1.9872
Plagioscion_squamosissimus,-62.9706,-6.6899
Plagioscion_squamosissimus,-62.8993,-7.5071
Plagioscion_squamosissimus,-51.2016,3.6742
Plagioscion_squamosissimus,-51.2317,3.2116
Plagioscion_squamosissimus,-51.421,2.9569
Plagioscion_squamosissimus,-59.9119,-3.1692
Plagioscion_squamosissimus,-59.9119,-3.1692
Plagioscion_squamosissimus,-59.9164,-3.1768
Plagioscion_squamosissimus,-52.2097,-3.2792
Plagioscion_squamosissimus,-56.9896,-9.2348
Plagioscion_squamosissimus,-56.9896,-9.2348
Plagioscion_squamosissimus,-61.4343,3.3621
Plagioscion_squamosissimus,-63.5039,-1.6623
Plagioscion_squamosissimus,-54.7781,-2.4321
Plagioscion_squamosissimus,-62.9148,-5.1846
Plagioscion_squamosissimus,-62.0529,-5.3877
Plagioscion_squamosissimus,-62.984,-5.3369
Plagioscion_squamosissimus,-56.7928,-1.4543
Plagioscion_squamosissimus,-56.7644,-1.431
Plagioscion_squamosissimus,-55.214,-3.3575
Plagioscion_squamosissimus,-55.3055,-3.3009
Plagioscion_squamosissimus,-64.0077,-1.6803
Plagioscion_squamosissimus,-64.0078,-1.6835
Plagioscion_squamosissimus,-62.834,-1.6996
Plagioscion_squamosissimus,-62.8295,-1.7054
Plagioscion_squamosissimus,-63.5039,-1.6623
Plagioscion_squamosissimus,-64.0077,-1.6803
Plagioscion_squamosissimus,-64.0078,-1.6835
Plagioscion_squamosissimus,-51.1226,3.91
Plagioscion_squamosissimus,-51.181,-0.0929
Plagioscion_squamosissimus,-51.1876,-0.1411
Plagioscion_squamosissimus,-49.6076,0.1679
Plagioscion_squamosissimus,-49.3874,0.0249
Plagioscion_squamosissimus,-49.6748,0.3863
Plagioscion_squamosissimus,-50.0818,0.0391
Plagioscion_squamosissimus,-62.834,-1.6996
Plagioscion_squamosissimus,-62.8295,-1.7054
Plagioscion_squamosissimus,-49.9531,-1.6804
Plagioscion_squamosissimus,-49.9531,-1.6804
Plagioscion_squamosissimus,-49.9531,-1.6804
Plagioscion_squamosissimus,-49.9531,-1.6804
Plagioscion_squamosissimus,-49.9531,-1.6804
Plagioscion_squamosissimus,-55.9292,-6.9198
Plagioscion_squamosissimus,-55.9292,-6.9198
Plagioscion_squamosissimus,-51.2024,-0.0585
Plagioscion_squamosissimus,-64.6793,-6.8779
Plagioscion_squamosissimus,-64.6793,-6.8779
Plagioscion_squamosissimus,-64.669,-6.8944
Plagioscion_squamosissimus,-55.1603,-2.113
Plagioscion_squamosissimus,-54.7363,-1.9752
Plagioscion_squamosissimus,-56.0377,-1.9676
Plagioscion_squamosissimus,-55.036,-2.206
Plagioscion_squamosissimus,-54.0049,-2.1137
Plagioscion_squamosissimus,-55.8437,-3.1792
Plagioscion_squamosissimus,-55.2897,-2.1015
Plagioscion_squamosissimus,-54.8909,-2.0618
Plagioscion_squamosissimus,-48.4805,-0.6599
Plagioscion_squamosissimus,-48.4829,-0.6599
Plagioscion_squamosissimus,-47.8833,-12.6255
Plagioscion_squamosissimus,-50.6603,-13.3739
Plagioscion_squamosissimus,-47.3872,-6.5139
Plagioscion_squamosissimus,-60.4186,-5.1251
Plagioscion_squamosissimus,-50.1711,-6.0515
Plagioscion_squamosissimus,-55.5778,-2.6311
Plagioscion_squamosissimus,-59.9198,-3.1528
Plagioscion_squamosissimus,-50.0369,-9.9803
Plagioscion_squamosissimus,-55.1497,-2.6342
Plagioscion_squamosissimus,-50.5069,2.0886
Plagioscion_squamosissimus,-48.6139,-14.4444
Plagioscion_squamosissimus,-58.5462,-8.8865
Plagioscion_squamosissimus,-58.5462,-8.8865
Plagioscion_squamosissimus,-58.5462,-8.8865
Plagioscion_squamosissimus,-69.9964,-4.337
Plagioscion_squamosissimus,-64.8864,-9.5947
Plagioscion_squamosissimus,-64.8411,-9.5416
Plagioscion_squamosissimus,-64.8407,-9.3925
Plagioscion_squamosissimus,-64.5951,-9.1772
Plagioscion_squamosissimus,-64.5278,-9.1841
Plagioscion_squamosissimus,-64.4244,-9.4416
Plagioscion_squamosissimus,-64.4185,-9.3036
Plagioscion_squamosissimus,-63.9249,-8.7798
Plagioscion_squamosissimus,-63.9165,-8.6573
Plagioscion_squamosissimus,-63.8545,-8.6327
Plagioscion_squamosissimus,-63.3177,-8.1717
Plagioscion_squamosissimus,-62.9169,-8.0486
Plagioscion_squamosissimus,-62.8095,-8.1514
Plagioscion_squamosissimus,-64.6124,-9.1881
Plagioscion_squamosissimus,-64.6873,-9.2702
Plagioscion_squamosissimus,-64.8849,-9.3907
Plagioscion_squamosissimus,-51.2028,-0.0653
Plagioscion_squamosissimus,-51.1985,-9.4
Plagioscion_squamosissimus,-51.1405,0.3053
Plagioscion_squamosissimus,-51.2549,0.4415
Plagioscion_squamosissimus,-52.3823,-6.3781
Plagioscion_squamosissimus,-53.6495,-4.3836
Plagioscion_squamosissimus,-52.2142,-3.2305
Plagioscion_squamosissimus,-51.9839,-2.7853
Plagioscion_squamosissimus,-51.9731,-2.8652
Plagioscion_squamosissimus,-51.7281,-3.0959
Plagioscion_squamosissimus,-51.9787,-2.573
Plagioscion_squamosissimus,-51.6456,-1.3867
Plagioscion_squamosissimus,-55.0398,-2.1861
Plagioscion_squamosissimus,-62.2633,8.57
Plagioscion_squamosissimus,-67.8093,5.2377
Plagioscion_squamosissimus,-57.08,5.92
Plagioscion_squamosissimus,-59.3,7.6333
Plagioscion_squamosissimus,-67.8095,5.2095
Plagioscion_squamosissimus,-60.3658,-3.8279
Plagioscion_squamosissimus,-74.3,-5.2
Plagioscion_squamosissimus,-67.809,5.2071
Plagioscion_squamosissimus,-64.7594,-0.4539
Plagioscion_squamosissimus,-61.4275,-1.8975
Plagioscion_squamosissimus,-59.1014,4.688
Plagioscion_squamosissimus,-66.3,-14.92
Plagioscion_squamosissimus,-65.3617,-10.8167
Plagioscion_squamosissimus,-62.8141,7.3123
Plagioscion_squamosissimus,-68.7583,8.6
Plagioscion_squamosissimus,-62.0639,-4.5053
Plagioscion_squamosissimus,-54.6703,5.4005
Plagioscion_squamosissimus,-58.0865,5.2494
Plagioscion_squamosissimus,-76.91,0.1167
Plagioscion_squamosissimus,-67.4661,-5.5094
Plagioscion_squamosissimus,-60.9442,-2.6214
Plagioscion_squamosissimus,-59.3439,3.6649
Plagioscion_squamosissimus,-55.0402,-2.1833
Plagioscion_squamosissimus,-68.6872,8.5681
Plagioscion_squamosissimus,-48.5014,-1.2566
Plagioscion_squamosissimus,-57.28,5
Plagioscion_squamosissimus,-75.0108,-7.3514
Plagioscion_squamosissimus,-48.5014,-1.2566
Plagioscion_squamosissimus,-60.0197,-3.2187
Plagioscion_squamosissimus,-57.5519,-3.7864
Plagioscion_squamosissimus,-57.5683,-4.0122
Plagioscion_squamosissimus,-48.4933,-1.435
Plagioscion_squamosissimus,-61.9833,8.6669
Plagioscion_squamosissimus,-65.9478,8.3119
Plagioscion_squamosissimus,-48.5014,-1.2566
Plagioscion_squamosissimus,-51.9633,-2.5256
Plagioscion_squamosissimus,-59.9064,-3.2161
Plagioscion_squamosissimus,-62.435,8.5117
Plagioscion_squamosissimus,-61.99,8.6733
Plagioscion_squamosissimus,-58.6028,-3.3039
Plagioscion_squamosissimus,-54.8542,-2.1878
Plagioscion_squamosissimus,-71.0746,-12.2069
Plagioscion_squamosissimus,-67.4,6.5333
Plagioscion_squamosissimus,-59.9461,-3.2397
Plagioscion_squamosissimus,-76.1082,-5.8842
Plagioscion_squamosissimus,-67.8214,-5.7064
Plagioscion_squamosissimus,-59.585,-3.1306
Plagioscion_squamosissimus,-62.0644,-4.4825
Plagioscion_squamosissimus,-75.8119,-5.4175
Plagioscion_squamosissimus,-64.7936,-0.3708
Plagioscion_squamosissimus,-55.1392,-2.3278
Plagioscion_squamosissimus,-59.2333,7.6667
Plagioscion_squamosissimus,-58.1775,6.8222
Plagioscion_squamosissimus,-66.118,7.6413
Plagioscion_squamosissimus,-68.7423,-11.3027
Plagioscion_squamosissimus,-57.12,5.83
Plagioscion_squamosissimus,-62.1867,8.695
Plagioscion_squamosissimus,-58.9776,4.2982
Plagioscion_squamosissimus,-59.628,5.7948
Plagioscion_squamosissimus,-67.7747,4.3842
Plagioscion_squamosissimus,-55.8522,-1.7975
Plagioscion_squamosissimus,-60.2765,-3.4825
Plagioscion_squamosissimus,-63.6275,6.3014
Plagioscion_squamosissimus,-67.631,5.6564
Plagioscion_squamosissimus,-62.0644,-4.4825
Plagioscion_squamosissimus,-52.0536,-1.4647
Plagioscion_squamosissimus,-59.3491,3.2949
Plagioscion_squamosissimus,-54.8093,-2.2295
Plagioscion_squamosissimus,-69.9503,-4.2214
Plagioscion_squamosissimus,-62.02,8.6633
Plagioscion_squamosissimus,-62.7006,8.3744
Plagioscion_squamosissimus,-58.675,4.6639
Plagioscion_squamosissimus,-59.2333,7.65
Plagioscion_squamosissimus,-62.8141,7.3123
Plagioscion_squamosissimus,-73.1459,-4.0281
Plagioscion_squamosissimus,-60.2479,6.8838
Plagioscion_squamosissimus,-67.7988,5.2009
Plagioscion_squamosissimus,-65.9478,8.3119
Plagioscion_squamosissimus,-57.12,5.83
Plagioscion_squamosissimus,-60.98,8.58
Plagioscion_squamosissimus,-54.7,-2.4167
Plagioscion_squamosissimus,-51.6175,-3.1292
Plagioscion_squamosissimus,-62.8589,-7.0125
Plagioscion_squamosissimus,-59.9175,-3.2547
Plagioscion_squamosissimus,-61.2842,1.3933
Plagioscion_squamosissimus,-57.18,5.58
Plagioscion_squamosissimus,-73.0545,3.958
Plagioscion_squamosissimus,-73.0545,3.958
Plagioscion_squamosissimus,-72.9187,-3.2672
Plagioscion_squamosissimus,-67.7854,4.2139
Plagioscion_squamosissimus,-55.8735,-1.7811
Plagioscion_squamosissimus,-54.7399,-2.414
Plagioscion_squamosissimus,-55.4224,-1.9827
Plagioscion_squamosissimus,-69,-9.33
Plagioscion_squamosissimus,-59.55,7.5167
Plagioscion_squamosissimus,-48.5014,-1.2566
Plagioscion_squamosissimus,-65.7159,1.6034
Plagioscion_squamosissimus,-66.1795,7.6457
Plagioscion_squamosissimus,-67.1314,-0.0539
Plagioscion_squamosissimus,-57.5214,-3.8781
Plagioscion_squamosissimus,-73.0545,3.958
Plagioscion_squamosissimus,-67.58,8.23
Plagioscion_squamosissimus,-48.5,-1
Plagioscion_squamosissimus,-59.1014,4.688
Plagioscion_squamosissimus,-54.8578,-2.1915
Plagioscion_squamosissimus,-64.3833,-9.25
Plagioscion_squamosissimus,-60.4456,-8.6303
Plagioscion_squamosissimus,-54.0725,-2.0375
Plagioscion_squamosissimus,-61.5539,-2.0394
Plagioscion_squamosissimus,-62.05,8.68
Plagioscion_squamosissimus,-71.8582,-3.3244
Plagioscion_squamosissimus,-67.7744,4.3844
Plagioscion_squamosissimus,-59.9461,-3.2397
Plagioscion_squamosissimus,-62.8141,7.3123
Plagioscion_squamosissimus,-62.7,8.3833
Plagioscion_squamosissimus,-65.8773,3.1139
Plagioscion_squamosissimus,-72.67,-3.53
Plagioscion_squamosissimus,-73.3163,-3.7517
Plagioscion_squamosissimus,-59.9461,-3.2397
Plagioscion_squamosissimus,-48.5014,-1.2566
Plagioscion_squamosissimus,-62.1867,-6.1861
Plagioscion_squamosissimus,-52.2033,-3.2119
Plagioscion_squamosissimus,-60.1025,-3.0033
Plagioscion_squamosissimus,-61.3047,-2.2308
Plagioscion_squamosissimus,-73.0545,3.958
Plagioscion_squamosissimus,-59.2932,3.898
Plagioscion_squamosissimus,-56.6589,-1.4283
Plagioscion_squamosissimus,-62.28,8.57
Plagioscion_squamosissimus,-55.3833,-2.025
Plagioscion_squamosissimus,-65.8775,3.1126
Plagioscion_squamosissimus,-67.48,7.58
Plagioscion_squamosissimus,-59.55,7.5167
Plagioscion_squamosissimus,-59.3427,3.6646
Plagioscion_squamosissimus,-77.3029,-3.8325
Plagioscion_squamosissimus,-66.8421,1.1895
Plagioscion_squamosissimus,-57.1816,5.1527
Plagioscion_squamosissimus,-61.17,8.5
Plagioscion_squamosissimus,-62.8141,7.3123
Plagioscion_squamosissimus,-59.3218,3.7124
Plagioscion_squamosissimus,-64.6646,-13.0459
Plagioscion_squamosissimus,-73.2338,-3.7107
Plagioscion_squamosissimus,-66.1478,7.6445
Plagioscion_squamosissimus,-67.7854,4.2139
Plagioscion_squamosissimus,-60.1544,-6.1417
Plagioscion_squamosissimus,-53.6683,4.4708
Plagioscion_squamosissimus,-62.8758,-8.0278
Plagioscion_squamosissimus,-55.8164,-1.8244
Plagioscion_squamosissimus,-65.9552,2.8185
Plagioscion_squamosissimus,-60.0197,-3.2187
Plagioscion_squamosissimus,-54.0725,-2.0375
Plagioscion_squamosissimus,-64.1206,-3.76
Plagioscion_squamosissimus,-59.3303,-2.1233
Plagioscion_squamosissimus,-69.2203,-12.5065
Plagioscion_squamosissimus,-59.1014,4.688
Plagioscion_squamosissimus,-66.1795,7.6457
Plagioscion_squamosissimus,-62.6967,8.38
Plagioscion_squamosissimus,-67.7747,4.3842
Plagioscion_squamosissimus,-48.5014,-1.2566
Plagioscion_squamosissimus,-51.6139,-3.13
Plagioscion_squamosissimus,-67.0323,3.9582
Plagioscion_squamosissimus,-71.8582,-3.3244
Plagioscion_squamosissimus,-62.8141,7.3123
Plagioscion_squamosissimus,-73.2833,-3.7524
Plagioscion_squamosissimus,-62.8141,7.3123
Plagioscion_squamosissimus,-55.0398,-2.1861
Plagioscion_squamosissimus,-73.2472,-3.7477
Plagioscion_squamosissimus,-49.4899,-2.2526
Plagioscion_squamosissimus,-57.5983,-4.3578
Plagioscion_squamosissimus,-65.3844,-10.8061
Plagioscion_squamosissimus,-54.8946,-2.4368
Plagioscion_squamosissimus,-73.1772,-3.7611
Plagioscion_squamosissimus,-60.1478,-3.1178
Plagioscion_squamosissimus,-73.2531,-3.7557
Plagioscion_squamosissimus,-48.5014,-1.2566
Plagioscion_squamosissimus,-73.2472,-3.7477
Plagioscion_squamosissimus,-56.6606,-1.4292
Plagioscion_squamosissimus,-62.1667,8.7
Plagioscion_squamosissimus,-55.0398,-2.1861
Plagioscion_squamosissimus,-67.8093,5.2377
Plagioscion_squamosissimus,-48.7525,-1.4225
Plagioscion_squamosissimus,-48.5014,-1.2566
Plagioscion_squamosissimus,-61.2867,8.4733
Plagioscion_squamosissimus,-62.67,8.38
Plagioscion_squamosissimus,-67.58,8.23
Plagioscion_squamosissimus,-61.9333,8.8167
Plagioscion_squamosissimus,-54.4403,4.9908
Plagioscion_squamosissimus,-60.1389,-3.1217
Plagioscion_squamosissimus,-60.3658,-3.8279
Plagioscion_squamosissimus,-52.6669,-3.8194
Plagioscion_squamosissimus,-59.7987,6.8098
Plagioscion_squamosissimus,-67.6167,6.3
Plagioscion_squamosissimus,-73.0545,3.958
Plagioscion_squamosissimus,-62.4,8.53
Plagioscion_squamosissimus,-57.9259,5.5207
Plagioscion_squamosissimus,-59.9461,-3.2397
Plagioscion_squamosissimus,-54.7399,-2.414
Plagioscion_squamosissimus,-60.0026,-3.1593
Plagioscion_squamosissimus,-69.3426,8.0305
Plagioscion_squamosissimus,-58.7041,2.1931
Plagioscion_squamosissimus,-61.9844,4.4608
Plagioscion_squamosissimus,-56.6528,-1.4286
Plagioscion_squamosissimus,-57.12,5.83
Plagioscion_squamosissimus,-56.6625,-1.43
Plagioscion_squamosissimus,-66.9826,-13.9674
Plagioscion_squamosissimus,-59.9461,-3.2397
Plagioscion_squamosissimus,-62.8141,7.3123
Plagioscion_squamosissimus,-52.1081,-1.4919
Plagioscion_squamosissimus,-69.5489,7.4124
Plagioscion_squamosissimus,-57.7153,-4.4878
Plagioscion_squamosissimus,-64.9194,-0.5931
Plagioscion_squamosissimus,-62.8141,7.3123
Plagioscion_squamosissimus,-59.9461,-3.2397
Plagioscion_squamosissimus,-60.1661,-3.1269
Plagioscion_squamosissimus,-58.4746,4.1384
Plagioscion_squamosissimus,-52.39,-1.0458
Plagioscion_squamosissimus,-76.91,0.1167
Plagioscion_squamosissimus,-60.1363,6.8472
Plagioscion_squamosissimus,-73.2834,-3.753
Plagioscion_squamosissimus,-60.3658,-3.8279
Plagioscion_squamosissimus,-73.2482,-3.7588
Plagioscion_squamosissimus,-64.9631,7.5583
Plagioscion_squamosissimus,-61.45,8.5
Plagioscion_squamosissimus,-58.9045,5.3022
Plagioscion_squamosissimus,-62.02,8.6633
Plagioscion_squamosissimus,-60.2479,6.8838
Plagioscion_squamosissimus,-54.45,6.4
Plagioscion_squamosissimus,-59.2933,3.8949
Plagioscion_squamosissimus,-60.98,8.58
Plagioscion_squamosissimus,-61.17,8.5
Plagioscion_squamosissimus,-75.4833,-1
Plagioscion_squamosissimus,-48.5014,-1.2566
Plagioscion_squamosissimus,-60.0358,-3.2075
Plagioscion_squamosissimus,-73.2531,-3.7557
Plagioscion_squamosissimus,-53.6682,-4.4707
Plagioscion_squamosissimus,-55.1272,4.9223
Plagioscion_squamosissimus,-62.25,8.58
Plagioscion_squamosissimus,-73.2338,-3.7107
Plagioscion_squamosissimus,-59.9461,-3.2397
Plagioscion_squamosissimus,-58.5858,-3.2767
Plagioscion_squamosissimus,-67.7046,4.0467
Plagioscion_squamosissimus,-58.6788,4.6677
Plagioscion_squamosissimus,-59.9097,-3.1444
Plagioscion_squamosissimus,-65.3922,-4.8619
Plagioscion_squamosissimus,-54.9599,-2.4937
Plagioscion_squamosissimus,-57.02,5.97
Plagioscion_squamosissimus,-59.2333,7.6833
Plagioscion_squamosissimus,-66.2922,4.3141
Plagioscion_squamosissimus,-60.0197,-3.2187
Plagioscion_squamosissimus,-61.2769,0.9781
Plagioscion_squamosissimus,-60.9442,-2.6214
Plagioscion_squamosissimus,-54.5893,-2.4205
Plagioscion_squamosissimus,-74.5281,-8.3968
Plagioscion_squamosissimus,-66.3549,4.7503
Plagioscion_squamosissimus,-59.9461,-3.2397
Plagioscion_squamosissimus,-67.805,5.2106
Plagioscion_squamosissimus,-57.5947,-4.3603
